patent_id,ZFN,Target Sequence,F1,F2,F3,F4,F5,F6
US_10072062_B2,15872,gaaataaggcatactggtattactaatg,RSDHLST,DNANRTK,QSGDLTR,RSDALST,ASSNRKT,
US_10072062_B2,15873,gaggagagcaggccgattacctgaccca,TSGNLTR,DRSDLSR,RSDNLSE,RSANLTR,QSGHLSR,
US_10072062_B2,15909,tctcccagggtggttcagtggcagaatt,RSDNLSE,TSGSLTR,TSGHLSR,RSDNLSQ,ASNDRKK,
US_10072062_B2,15910,gcgggggaaagagaggaggagagaagga,RSDNLSR,DNNARIN,RSDSLSV,QNQHRIN,RSDHLSR,
US_10072062_B2,28386,agaaggctgtgggctcctcagagaaaat,DSSDRKK,DRSHLTR,RSDALAR,QSSDLSR,RSDNLTT,
US_10072062_B2,28385,actctggggtagatggagagcagtacct,RSANLAR,QSGHLSR,TSGNLTR,QSGALVI,RSDHLSE,
US_10072062_B2,15486,gctcccaggcagcgggcgggaggctgga,RSDDLTR,RSDHLSE,NSRNRKT,RSDNLSQ,ASNDRKK,
US_10072062_B2,15487,ctactcgggccatcggcggctgcctcgg,RSDDLSR,RNDDRKK,DRSDLSR,RSDHLSE,ARSTRTN,
US_10072062_B2,15506,ttgatgtcagggaagatctctctgatga,TSGNLTR,QSGNLAR,RSDHLTQ,ASMALNE,TSSNLSR,
US_10072062_B2,15507,gctcgaaggcttggtggccggggccagt,RSDVLSE,RNQHRKT,RSDHLST,QSSDLRR,RSDNLST,RSADRKN
US_10072062_B2,25539,ttgttgctccaggccacagcactgttgc,QSGDLTR,QWGTRYR,ERGTLAR,RSDNLRE,QSGDLTR,TSGSLTR
US_10072062_B2,25540,ctgactttgcatgtgcaaacgccttcaa,QSGDLTR,WRSSLAS,QSGDLTR,HKWVLRQ,DRSNLTR,
US_10072062_B2,16783,ccgtagaactggacttgacagcggaagt,RSDVLSA,DRSNRIK,RSDVLSE,QSGNLAR,QSGSLTR,
US_10072062_B2,16787,tctcggagaatgacgagtggacccagga,RSDHLST,RSDNLTR,DRSNLSR,TSSNRKT,RSANLAR,RNDDRKK
US_10072062_B2,18889,gtatggctgcgacgtggggtcggacggg,QSSHLTR,RSDHLTT,RSDTLSQ,RSADLSR,QSSDLSR,RSDALTQ
US_10072062_B2,18881,ttatctggatggtgtgagaacctggccc,QKTHLAK,RSDTLSN,RKDVRIT,RSDHLST,DSSARKK,
US_10072062_B2,24859,tcctctggacggtgtgagaacctggccc,QNAHRKT,RSDSLLR,RNDDRKK,RSDHLST,DSSARKK,
US_10072062_B2,25191,atggagccgcgggcgccgtggatagagc,DRSHLSR,RSDDLTR,DRSDLSR,QSGHLSR,,
US_10072062_B2,25190,ctggctcgcggcgtcgctgtcgaaccgc,DRSALSR,QSSDLRR,DRSALSR,DRSHLAR,RSDDLSK,DRSHLAR
US_10072062_B2,25316,tccaggagctcaggtcctcgttcagggc,SSELLNE,TSSHLSR,QSGDRNK,RSANLAR,RSDNLRE,
US_10072062_B2,25317,cggcggacaccgcggctcagatcaccca,QSGDLTR,RSDDLTR,DQSTLRN,DRSNLSR,DAFTRTR,
US_10072062_B2,15267,aggtggatgcccaggacgagctttgagg,RSDNLSE,ASKTRKN,TSGNLTR,RSDALAR,,
US_10072062_B2,15265,agggagcagaagcagcgcagcagcgcca,DRSALSR,QSGNLAR,DRSALSR,QSGHLSR,,
US_10072062_B2,17454,ctggaggtggatgcccaggacgagcttt,RSDNLSE,ASKTRKN,QSGHLSR,TSGHLSR,QSGHLSR,
US_10072062_B2,17456,gagcagaagcagcgcagcagcgccacct,RSADLTR,QSGDLTR,QSGNLAR,QSGDLTR,,
US_10072062_B2,15296,cctcagtttcatggggattcaagggaac,QSGHLSR,RSDHLST,QSADRTK,TSGSLSR,QSADRTK,
US_10072062_B2,15298,cctaggaggtcatgggcatttgccatgc,QSGDLTR,RSDHLST,QSADRTK,RSDNLSA,RSDNRTT,
US_10072062_B2,25588,tcgcggcgtcgctgtcgaaccgcacgaa,QRSNLVR,DRSALAR,QSSDLRR,RSDDLTR,RSDDLTR,
US_10072062_B2,25589,ccaagaggggagccgcgggagccgtggg,RSDDLTR,DRSDLSR,QSGHLSR,RSDHLSA,ESRYLMV,
US_10072066_B2,43545,atcaaggttacaagacaggtttaaggag,LRHHLTR,QSGTRKT,RSDNLST,DSANRIK,LRHHLTR,QSGNLHV
US_10072066_B2,45946,aatctgcccagggcctcaccaccaactt,AMQTLRV,DRSHLAR,RSDNLSE,ASKTRKN,TSSDRKK,
US_10072066_B2,45952,aatctgcccagggcctcaccaccaactt,AMQTLRV,DRSHLAR,RSDNLSE,ASKTRKN,VYEGLKK,
US_10072066_B2,43544,atctgcccagggcctcaccaccaactt,AMQTLRV,DRSHLAR,RSDNLSE,ASKTRKN,RNSDRTK,
US_10155011_B2,25539,ttgttgctccaggccacagcactgttgc,QWGTRYR,ERGTLAR,RSDNLRE,,QSGDLTR,TSGSLTR
US_10155011_B2,22199,tgaaagtggccgggtttaatctgctcat,RSAHLSR,DRSDLSR,RSDHLSV,QNNHRIT,,
US_10155011_B2,22189,aggaggattcggaacccaatcactgaca,QRSNLVR,RNDDRKK,TSGNLTR,TSANLSR,,
US_10155011_B2,25572,gaggaggattcggaacccaatcactgac,DRSTLRQ,QRSNLVR,RNDDRKK,RSAHLSR,QSGHLSR,
US_10155011_B2,25573,gaggaggattcggaacccaatcactgac,QRSNLVR,RNDDRKK,QSGHLAR,QSGHLSR,,
US_10155011_B2,25529,ctatggacttcaagagcaacagtgctgt,QSGDLTR,QRTHLKA,QSGDRNK,DRSNLSR,RSDALTQ,
US_10155011_B2,25528,ctcatgtctagcacagttttgtctgtga,TSGSLSR,QSSVRNS,RSDNLST,DRSALAR,LKQNLDA,
US_10155011_B2,25535,gtgctgtggcctggagcaacaaatctga,DRSALSR,QSGHLSR,DRSDLSR,RSDALSR,DRSDLSR,
US_10155011_B2,25534,ttgctcttgaagtccatagacctcatgt,QKTSLQA,QSGNLAR,DRSALSR,QSGNLAR,GKEELNE,RSSDLSR
US_10155011_B2,25537,gctgtggcctggagcaacaaatctgact,GNVDLIE,RSSNLSR,RSDALSV,DSSHRTR,WRSCRSA,
US_10155011_B2,25536,ctgttgctcttgaagtccatagacctca,DSSDRKK,RSDNLSV,RRFILRG,QSGDLTR,TSGSLTR,
US_10155011_B2,25538,ctgtggcctggagcaacaaatctgactt,QSGDLTR,QTSTLSK,QSGHLSR,DRSDLSR,RSDALAR,
US_10155011_B2,22409,tctcggagaatgacgagtggacccagga,RSDHLST,RSDNLTR,DRSNLSR,LQFNRNQ,RSANLAR,RNDDRKK
US_10155011_B2,22449,tctcggagaatgacgagtggacccagga,RSDHLST,RSDNLTR,DSSNLSR,LRFNLSN,RSANLAR,RNDDRKK
US_10155011_B2,22454,tctcggagaatgacgagtggacccagga,RSDHLST,RSDNLTR,DSSNLSR,LHFQLTG,RSANLAR,RNDDRKK
US_10155011_B2,25818,ccgtagaactggacttgacagcggaagt,DRSNLSR,LKFALAN,RSDVLSE,QSGNLAR,QSGSLTR,
US_10155011_B2,25820,ccgtagaactggacttgacagcggaagt,RSDVLSA,DRSNRIK,RSDVLSE,QSGNLAR,QSGALAR,
US_10155011_B2,25822,ccgtagaactggacttgacagcggaagt,RLSVLTI,DRANLTR,RSDVLSE,QSGNLAR,QSGALAR,
US_10344271_B2,10,gaggaggagg,RSDNALR,RSDNLAR,RSDNLTR,,,
US_10344271_B2,11,gtggcggctg,QSSDLRR,RSDELQR,RSDALTR,,,
US_10344271_B2,12,tggggagat,QSSNLAR,QSGHLQR,RSDHLTT,,,
US_10344271_B2,13,gaggaagct,QSSDLRR,QSGNLAR,RSDNLTR,,,
US_10344271_B2,14,gcttgtggct,DRSHLTR,TSGHLTT,QSSDLTR,,,
US_10344271_B2,15,gtagtggatg,QSSNLAR,RSDALSR,QSGSLTR,,,
US_10344271_B2,16,gtgtgggatt,QSSNLAR,RSDHLTT,RSDALTR,,,
US_10344271_B2,1,gtggacgagt,RSDNLAR,DRSNLTR,RSDALTR,,,
US_10344271_B2,2,cgggatgggt,RSDHLAR,TSGNLVR,RSDHLRE,,,
US_10344271_B2,3,tggtgggtgt,RSDALTR,RSDHLTT,RSDHLTT,,,
US_10344271_B2,4,gaagaggatt,QSSNLAR,RSDNLAR,QSGNLTR,,,
US_10344271_B2,5,gaggaagggg,RSDHLAR,QSGNLAR,RSDNLTR,,,
US_10344271_B2,6,tgggtagtc,ERGTLAR,QSGSLTR,RSDHLTT,,,
US_10344271_B2,7,ggggaaaggg,RSDHLTQ,QSGNLAR,RSDHLSR,,,
US_10344271_B2,8,gaagagggtg,QSSHLAR,RSDNLAR,QSGNLAR,,,
US_10344271_B2,9,gaggaggatg,QSSNLQR,RSDNALR,RSDNLQR,,,
US_10344289_B2,11036,tctaatgggttgaagc,TSGNLTR,TSGSLTR,RSDHLST,QSANRTK,,
US_10344289_B2,11037,tctaatgggttgaagc,TSGNLTR,TSGSLTR,RSDHLSQ,TSSNRIT,,
US_10344289_B2,9882,ttgaagaagctggggctta,QSSDLRR,RSDHLST,HSDTRKK,QSGNLAR,QSGNLAR,
US_10344289_B2,11038,tctaatgggttgaagc,QSGNLAR,TSGSLTR,RSDHLST,QSANRTK,,
US_10344289_B2,11039,tctaatgggttgaagc,QSGNLAR,TSGSLTR,RSDHLSQ,TSSNRIT,,
US_10344289_B2,10744,gagatttggatccggg,RSDDLSE,TNSNRKR,RSDSLSA,TSANLSR,,
US_10344289_B2,10743,tccaaccggattcttc,RREDLIT,TSSNLSR,RSDTLSE,QNANRKT,,
US_10344289_B2,10745,gagatttggatccggg,RSDTLSE,TSANLSR,RSDSLSA,TSANLSR,,
US_10344289_B2,9892,tgcaggtggcaacgcaaggat,RSDNLSA,QNRDRKN,QSGDLTR,RSDALAR,RSDNLRE,
US_10344289_B2,9895,cagtaacggcagcggtgag,RSAALAR,RSDDLTR,QSGDLTR,RSDTLSQ,QSGSLTR,
US_10344289_B2,9896,cagtaacggcagcggtgag,RSDALAR,RSDDLTR,QSGDLTR,RSDTLSQ,QSGSLTR,
US_10344289_B2,10657,ggcagcggtgagtggacgc,DRSNLSR,RSDALAR,QNAHRKT,RSDHLSE,NSRNRKT,
US_10344289_B2,12385,ttactgctgcaggtggcaac,QSGDLTR,RSDTLST,RNDNRIT,QSSDLSR,LLTTLKA,
US_10344289_B2,12202,ggcagcggtgagtggacgc,DRSNLSR,RSDALAR,QNAHRKT,RSDHLSE,KNFNLHQ,
US_10344289_B2,13969,gcagcggtgagtggacg,DRSNLSR,RSDALAR,TSTGLLI,RSDHLSE,KNFNLHQ,
US_10344289_B2,12540,tgcagctgtaagtggacgc,DRSNLSR,RSDALAR,VSHTRLD,RSDHLSE,NSRNRKT,
US_10344289_B2,12352,ttactgctgctggtggcaac,QSGDLTR,RSDTLST,TRYKLMS,QSSDLSR,QSSDLTR,
US_10344289_B2,11034,aaatctcgggtctgat,RSDVLSE,TSGHLSR,RSDDLSK,DSSARKK,,
US_10344289_B2,10654,ttactgctgcaggtggcaac,QSGDLTR,RSDTLST,RNDNRIT,QSSDLSR,QSSDLTR,
US_10344289_B2,9875,ttgaagaagctggggctta,QSSDLSR,RSDHLSR,QSSDLRR,QSGNLAR,QSGNLAR,
US_10344289_B2,10275,gcatcaagcatgtagttgatgtc,RSDVLSQ,RNANRKK,RSDNLST,RNDARIT,RSDNLST,DNSSRIT
US_10344289_B2,9876,ttgaagaagctggggctta,QSSDLRR,RSDHLSR,QSSDLRR,DRSALSR,QSGNLAR,
US_10358684_B2,107830,agcatcctatgtatctcgccgtggattcgcatcgggatccg,RSDDLSE,TNSNRKR,RSDHLST,TNSNRIT,RREDLIT,TSSNLSR
US_10358684_B2,107832,ctctttggagttaccatgcttgatgtggttagggccaag,RSDTLSV,DNSTRIK,RSDHLSE,TSGSLTR,RSDALSR,TSGNLTR
US_10358684_B2,107833,ttcagaggtcaatctcccagtagttggtggtcatgctggcataac,DRSNLSR,LRQNLIM,RSDALSE,RSSTRKT,DRSALSR,RSDALAR
US_10358684_B2,107835,gtcaccgagcttcccttcttcgcatccaaggtaataagcc,DRSDLSR,QAGNLKK,QSGSLTR,RSDNLRE,DSSDRKK,QNAHRIT
US_10369201_B2,32468,agccggccgtggactctgagccgaggtg,RSDNLAR,WRGDRVK,DRSNLSR,TSGSLTR,ERGTLAR,RSDDRKT
US_10369201_B2,32501,gtggcgatgcggggggcgtggtgaggta,RSDALSR,DRSHLAR,RSDHLSR,QSSDLTR,TSGNLTR,DRSHLAR
US_10369201_B2,31809,acgctgcgccggcggaggcggggccgcg,RSDDLSR,RNDNRTK,RSDDLTR,RSDDRKT,RSDDLTR,QSSDLRR
US_10369201_B2,32528,ccgggacgggtccaagatggacggccgc,QSGHLQR,TSGNLTR,QSGDLTR,DRSHLAR,RSDVLST,VRSRLRR
US_10369201_B2,30580,agccggccgtggactctgagccgaggtg,RSDNLAR,WRGDRVK,DRSDLSR,RSDALAR,ERGTLAR,RSDDRKT
US_10369201_B2,30929,ccgtcccggcagcccccacggcgccttg,DRSTLRQ,DRSDLSR,QSSTRAR,RSDTLSE,HRRSRWG,
US_10369201_B2,32538,cgggtccaagatggacggccgctcaggt,DRSDLSR,RRDTLRS,RSDHLST,QSAHRIT,QSGDLTR,DRSHLAR
US_10369201_B2,32567,ctgctgctgctgctggaaggacttgagg,RSDHLSE,QNAHRKT,QSSDLSR,HRSTRNR,QSSDLSR,HRSTRNR
US_10369201_B2,29627,tcagatgggacggcgctgacctggctgg,DRSNLSR,LRQDLKR,DRSHLTR,DRSNLTR,RSDHLST,QSAHRIT
US_10369201_B2,29628,ctgccatggacctgaatgatgggaccca,TSGNLTR,LKQMLAV,RSDSLSA,DRSDLSR,RSDALST,DRSTRTK
US_10369201_B2,29631,gtggtctgggagctgtcgctgatgggcg,QSSDLSR,DRSALAR,QSGHLSR,RSDVLSE,TSGHLSR,TSGHLSR
US_10369201_B2,29632,ccgaagggcctgattcagctgttacccc,RSDTLSE,KLCNRKC,TSGNLTR,HRTSLTD,RSAHLSR,QSGNLAR
US_10369201_B2,29637,aacttgcaagtaacagaagactcatcct,DRSNLSR,QSGNLAR,DRSNLSR,LKHHLTD,QSGDLTR,YRWLRNN
US_10369201_B2,29638,cttgtacagctgtgagggtgagcataat,RSDHLSQ,RSAVRKN,QSSDLSR,QSGDLTR,WSTSLRA,
US_10369201_B2,25917,gccatggtgggagagactgtgaggcggc,DRSNLSR,QRTHLTQ,RSSHLSR,TSGSLSR,TRQNRDT,
US_10369201_B2,25916,ctcagcaggtggtgaccttgtggacatt,DQSTLRN,RSAALSR,RSDALAR,RSDNLSE,KRCNLRC,
US_10369201_B2,33074,agcagcagcagcagcagcagcagcagca,RSDNLSE,KRCNLRC,QSGDLTR,QSGDLTR,RSDNLSE,KRCNLRC
US_10369201_B2,33080,cagcagcagcagcagcagcagcagcagc,QSGDLTR,QSGDLTR,RSDNLSE,KRCNLRC,QSGDLTR,QSGDLTR
US_10369201_B2,33084,tgctgctgctgctgctgctgctggaagg,QSSDLSR,HRSTRNR,RSDTLSE,RRWTLVG,,
US_10369201_B2,18856,acgctgcgccggcggaggcggggccgcg,RSDDLSR,RNDNRTK,RSDDLTR,RSDDRKT,RSADLTR,QSSDLRR
US_10369201_B2,25920,gcgctcagcaggtggtgaccttgtggac,RSAALSR,RSDALAR,RSDNLSE,KRCNLRC,QSSDLRR,
US_10369201_B2,25921,atggtgggagagactgtgaggcggcagc,WRSCRSA,DRSNLSR,QRTHLTQ,RSAHLSR,TSGHLSR,
US_10369201_B2,25923,tgggagagactgtgaggcggcagctggg,RSDDLSR,RNDNRTK,WRSCRSA,RSDNLAR,QSGHLSR,
US_10369201_B2,25922,atggcgctcagcaggtggtgaccttgtg,RSAALSR,RSDALAR,RSDNLSE,KRCNLRC,QSSDLSR,DRSHLAR
US_10369201_B2,32677,gaattgacaggcggatgcgtcgtcctct,QSGDLTR,RRADLSR,DRSHLTR,DRSHLAR,DRSNLSR,LAQPRNK
US_10369201_B2,33560,cgcactcgccgcgagggttgccgggacg,ERGTLAR,QSGSLTR,RSDNLAR,DDSHRKD,RSDDLSK,DNSNRIK
US_10369201_B2,33583,ctgctgctgctgctgctgctgctggaag,DRSNLSR,HKQHRDA,DRSDLSR,RRTDLRR,RSANLAR,DRSHLAR
US_10369201_B2,32685,attctgcgggtctggcgtggcctcgtct,RSDHLSA,RSADRTR,RSDVLSE,TSGHLSR,RSDDLTR,TSSDRKK
US_10369201_B2,32422,gtgacgtcatgccggcggagacgaggcc,RSANLAR,RSDDLTR,RSDTLSE,HHSARRC,ERGTLAR,DRSNLTR
US_10369201_B2,32428,gtgcgtcccgtgacgtcatgccggcgga,RSDVLST,DNSSRTR,DRSNLSR,HKQHRDA,DRSDLSR,RRTDLRR
US_10369201_B2,32430,gccgcgagggttgccgggacgggcccaa,RSDVLST,VRSRLRR,ERGTLAR,TSGSLTR,RSDNLAR,DPSNRVG
US_10369201_B2,32432,ccgcgagggttgccgggacgggcccaag,RSDVLST,VRSRLRR,ERGTLAR,TSGSLTR,RSDHLSA,RSADLSR
US_10369201_B2,32714,catcgggcaggaagccgtcatggcaacc,RSDVLST,DNSSRTR,ERGTLAR,QSGNLAR,DRSHLTR,RNDDRKK
US_10369201_B2,32733,tcctgcccgatgggacagaccctgaaga,DRSNLSR,QKVTLAA,RSAHLSR,TSGNLTR,DRSDLSR,RRSTLRS
US_10369201_B2,30901,gtactgagcaatgctgtagtcagcaatc,DRSALSR,QSGSLTR,QSSDLSR,LKWNLRT,RSDNLAR,LKWDRQT
US_10369201_B2,31952,cctgtccagagggtcgcggtacctccct,QSGALAR,RSDDLTR,DRSALSR,RSDHLTQ,QSGDLTR,WSTSLRA
US_10369201_B2,31921,tgccggacctggcagcggcggtggtggc,RSDSLLR,RSDDLTR,QSGDLTR,RRDWLPQ,DRSNLSR,RSDDRKT
US_10369201_B2,30906,ccgggacgggtccaagatggacggccgc,DRSHLSR,TSGNLTR,QSGDLTR,DRSHLAR,RSDVLST,VRSRLRR
US_10369201_B2,33088,ctgctgctgctgctgctgctgctggaag,QSSDLSR,HRSTRNR,RSAVLSE,QSSDLSR,HRSTRNR,
US_10369201_B2,30643,cagcagcagcagcagcagcagcagcagc,RSDNLSE,KRCNLRC,QSSDLSR,QWSTRKR,QSSDLSR,QWSTRKR
US_10369201_B2,30648,agcagcagcagcagcagcagcagcagca,RSDNLSE,KRCNLRC,RSDNLSE,KRCNLRC,RSDNLSE,KRCNLRC
US_10369201_B2,30645,cagcagcagcagcagcagcagcagcagc,RSDNLSE,KRCNLRC,QSSDLSR,QWSTRKR,QSGDLTR,
US_10369201_B2,30640,cagcagcagcagcagcagcagcagcagc,QSSDLSR,QWSTRKR,QSSDLSR,QWSTRKR,QSGDLTR,
US_10369201_B2,30657,ctgctgctgctgctgctgctggaaggac,RSDTLSE,RRWTLVG,QSSDLSR,HRSTRNR,QSSDLSR,HRSTRNR
US_10369201_B2,30642,cagcagcagcagcagcagcagcagcagc,QSGDLTR,QSSDLSR,QWSTRKR,QSSDLSR,QWSTRKR,
US_10369201_B2,30646,cagcagcagcagcagcagcagcagcagc,RSDNLSE,KRCNLRC,QSGDLTR,QSSDLSR,QWSTRKR,
US_10369201_B2,32220,tgctgctgctgctgctgctgctggaagg,RSDVLSE,QSSDLSR,HRSTRNR,,,
US_10369201_B2,32210,cagcagcagcagcagcagcagcagcagc,QSGDLTR,QSSDLSR,QWSTRKR,,,
US_10369201_B2,32215,agcagcagcagcagcagcagcagcagca,RSDNLRE,RSDNLSE,KRCNLRC,,,
US_10369201_B2,30658,ctgctgctgctgctgctgctggaaggac,QSSDLSR,HRSTRNR,QSSDLSR,HRSTRNR,QSSDLSR,
US_10369201_B2,32218,tgctgctgctgctgctgctgctggaagg,QSSDLSR,QSSDLSR,,,,
US_10369201_B2,32427,cgcactcgccgcgagggttgccgggacg,ERGTLAR,TSGSLTR,RSDNLAR,DPSNRVG,RSDDLSK,DNSNRIK
US_10369201_B2,32653,ggctggcttttgcgggaaggggcggggc,RSDHLSE,QSGHLSR,RSDDLTR,YRWLLRS,QSSDLSR,RKDALVA
US_10501748_B2,29964,ggatagcatattgcggcgggatggcctc,QSSHLTR,RSDDLTR,RSDDLTR,YRWLLRS,QSGDLTR,QRNARTL
US_10501748_B2,29965,gtactggatgagctgacaaaaggggagg,RSDNLSV,QKINLQV,DDWNLSQ,RSANLTR,QSGHLAR,NDWDRRV
US_10501748_B2,29966,gtacctggatagcatattgcggcgggat,RSDDLTR,YRWLLRS,QSGDLTR,QRNARTL,RSDHLSQ,DSSTRKK
US_10501748_B2,29967,agtacctggatagcatattgcggcggga,RSDDLTR,YRWLLRS,QSGDLTR,QRNARTL,RSDVLSE,DRSNRIK
US_10501748_B2,29968,gatgagctgacaaaaggggaggcgatca,RSDNLSN,TSSSRIN,DRSNLTR,QSSDLSR,QSAHRKN,
US_10501748_B2,29969,atgagctgacaaaaggggaggcgatcat,DRSHLTR,QSGHLSR,RSDNLSV,QKINLQV,DDWNLSQ,RSANLTR
US_10501748_B2,29970,tcatccagtacctggatagcatattgcg,QSGDLTR,QRNARTL,RSDVLSE,DRSNRIK,RSDNLSE,HSNARKT
US_10501748_B2,29971,ctgacaaaaggggaggcgatcattgcca,DRSHLTR,QSGHLSR,RSDNLSN,TSSSRIN,DRSNLTR,
US_10501748_B2,29730,aggcagcacgtgctcctgatgcgggact,TSGNLTR,HRTSLTD,QSSDLSR,HKYHLRS,QSSDLSR,QWSTRKR
US_10501748_B2,29731,taggcagcacgtgctcctgatgcgggac,RSDVLSE,SPSSRRT,TARQRNR,DRSHLAR,RSDSLSA,
US_10501748_B2,29732,gatcccaagcggtggtgctttcaaggac,RSDALAR,QKSNLSS,RSDDLTR,DSSDRKK,WWTSRAL,
US_10501748_B2,30006,tgatgcgggactatgatatccaacaagt,TSGNLTR,DRSDLSR,RSDHLSE,YSWRLSQ,RSDSLSV,
US_10501748_B2,30008,gagcacgtgctgcctatgatcccaagcg,RNQDRKN,QSGNLAR,QSSDLSR,HKYHLRS,QSGDLTR,
US_10501748_B2,29753,tcttgtaggtcgaaatttcagtacgagg,DRSALAR,RSDNLST,AQWGRTS,RSADLTR,,
US_10501748_B2,29754,ctacaagtgtgacatgcgcaatcagcat,TNQNRIT,RSDSLLR,LQHHLTD,QNATRIN,MRNRLNR,
US_10501748_B2,29769,cttgtaggtcgaaa,DRSALAR,RSDNLST,AQWGRTS,RSADLTR,,
US_10501748_B2,29770,caagtgtgacatgcgcaa,QSGDLTR,DRSNLSR,WRSCRSA,QWFGRKN,RSDNLSV,
US_10501748_B2,30012,tcttgtaggtcgaaatttcagtacgagg,HSNARKT,DRSALAR,RSDNLST,AQWGRTS,RSADLTR,
US_10501748_B2,30014,tcttgtaggtcgaaatttcagtacgagg,HSNARKT,DRSALAR,RSDNLST,RSDHLSQ,QWFGRKN,
US_10501748_B2,34470,ggccggacgcgcgggcgtanccggacgc,RSADLSR,RSDHLSA,QSSDLRR,WRSCRSA,RSDDRKT,
US_10501748_B2,34471,cgtcggcgtctgcgtcgccacctccggc,QSGDLTR,RRADRAK,RSDDLTR,TSSDRKK,TNQNRIT,RNDDRKK
US_10501748_B2,34472,acgccgacgcggccggacgcgcgggcgt,TNQNRIT,DRSNLTR,ERGTLAR,RSDDLTR,RSDHLSE,DSSTRRR
US_10501748_B2,34473,gcgtcgccacctccggcccgggggccac,YSWRLSQ,HSRTRTK,TARQRNR,NNRDRTK,ERGTLAR,RSDNLST
US_10501748_B2,34474,cagacgccgacgcggccggacgcgcggg,ERGTLAR,RSDDLTR,RSDHLSE,DSSTRRR,DRSNLTR,
US_10501748_B2,34475,gtcgccacctccggcccgggggccacca,HSRTRTK,QQWDRKQ,DRSHLTR,WWTSRAL,WRSCRSA,VSSNLTS
US_10501748_B2,34476,gcgacgcagacgccgacgcggccggacg,RSDHLSE,DSSTRRR,WRSCRSA,QSGDLTR,DRSNLTR,
US_10501748_B2,34477,cctccggcccgggggccaccaacctcgt,ERGTLAR,HSRTRTK,RSDALSV,DSSHRTR,WWTSRAL,
US_10501748_B2,34478,gggatggagtcgaggagngcgtcngcga,RSDNLTR,RSDNLAR,RSDNLST,DRSHLSR,TSGNLTR,
US_10501748_B2,34479,tggtcgccatcacgggccaggtcccccg,RSDALSV,DSSHRTR,RSDNLSE,RSDNLTR,ERGTLAR,RSDNLST
US_10501748_B2,34480,accatggggatggagtcgaggagngcgt,RSDNLAR,RSDNLST,DRSHLSR,TSGNLTR,HSRTRTK,TSSNRKT
US_10501748_B2,34481,ccatcacgggccaggtcccccgccgcat,RSDNLST,RSDALSV,DSSHRTR,RSDNLSE,RSDNLTR,
US_10501748_B2,34482,cgaccatggggatggagtcgaggagngc,RSDDLSK,RSDNLTR,RNQDRKN,RSAHLSR,RSDALST,DRSTRTK
US_10501748_B2,34483,catcacgggccaggtcccccgccgcatg,WWTSRAL,RSAHLSR,RSDHLSE,YSWRLSQ,TSSDRTK,
US_10501748_B2,30018,tacaagtgtgacatgcgcaatcagcatg,QSGDLTR,DRSNLSR,WRSCRSA,QWFGRKN,QRSNLDS,
US_10501748_B2,29988,cagaacctgacacagcagacatgtaaag,QSGDLTR,QWGTRYR,WRSCRSA,HNSSLKD,DRSALAR,
US_10501748_B2,29989,ataacgaccgatggagggtggtcggcag,RSDVLSA,RNDHRIN,RSDHLSQ,QSAHRTN,WRSCRSA,DSTNRYR
US_10501748_B2,34456,cngcggccatggcggcggcgagggtttg,TNQNRIT,RSDDLTR,RSDDLTR,RSDALTQ,ERGTLAR,RSDDLTR
US_10501748_B2,34457,acctcccccgccgtcgcattctcnggcg,QSGDLTR,DTGARLK,RSDDLTR,HRRSRDQ,DRSYRNT,
US_10646543_B2,18832,ggggcgatgctggggacggggacattag,RSDHLSR,DRSNLTR,RSDHLSR,QSSDLRR,QSSNLAR,DRSHLAR
US_10646543_B2,18859,aaggcgccgtgggggctgccgggacggg,ERGTLAR,QSSDLRR,RSDHLSQ,RSDVRKN,DRSDLSR,DRSHLAR
US_10646543_B2,18868,agtccccggaggcctcgggccgactcgc,DRSHLTR,RNDDRKK,DRSDLSR,RSDNLTR,RSDTLSN,TNSDRTK
US_10646543_B2,25923,tgggagagactgtgaggcggcagctggg,RSDDLSR,RNDNRTK,WRSCRSA,WRSCRSA,RSDNLAR,QSGHLSR
US_10662434_B2,1072,gaactggttgagtcggtc,DRSALSR,RNDDRKK,RSDNLST,HSHARIK,RSDVLSE,QSGNLAR
US_10662434_B2,1065,atggccccacag,RSDHLSE,QSATRKK,ERGTLAR,RSDALTQ,,
US_10662434_B2,1149,ggcacccaggtgttg,RSDSLSA,RSAALAR,RSDNLSE,ASKTRTN,DRSHLAR,
US_10662434_B2,1156,gtcgatggtggggtatgg,RSDHLST,QSGSLTR,RSDHLSE,QNHHRIN,TGSNLTR,DRSALAR
US_10808020_B2,51534,cacaggctccaggaagggtttggcctct,RSDHLTQ,QSGHLAR,QKGTLGE,RGRDLSR,RRDNLHS,
US_10808020_B2,51535,cacaggctccaggaagggtttggcctct,RSDHLTQ,QSGHLAR,QKGTLGE,RSRDLTR,RRDNLHS,
US_10808020_B2,51556,cacaggctccaggaagggtttggcctct,RSDHLTQ,QSGHLAR,QKGTLGE,FRQTRAR,RRDNLHS,
US_10808020_B2,51536,cacaggctccaggaagggtttggcctct,RSDHLTQ,QSGHLAR,QKGTLGE,RHRDLSR,RRDNLHS,
US_10808020_B2,51949,cacaggctccaggaagggtttggcctct,RNDHRTT,QKAHLIR,QKGTLGE,RGRDLSR,RRDNLHS,
US_10808020_B2,51990,cacaggctccaggaagggtttggcctct,RSDHLTQ,QRAHLTR,QKGTLGE,HRNTLVR,RRDNLHS,
US_10808020_B2,51993,cacaggctccaggaagggtttggcctct,RSDHLTQ,QRAHLTR,QSGTRNH,HRNTLVR,RRDNLHS,
US_10808020_B2,51979,cacaggctccaggaagggtttggcctct,RSDHLTQ,QKAHLIR,QKGTLGE,RGRDLSR,RRDNLHS,
US_10808020_B2,51982,cacaggctccaggaagggtttggcctct,RSDHLTQ,QKAHLIR,QSGTRNH,RGRDLSR,RRDNLHS,
US_10808020_B2,52015,cacaggctccaggaagggtttggcctct,RNDHRTT,QKAHLIR,QKGTLGE,LKRTLKR,RRDNLHS,
US_10808020_B2,52032,cacaggctccaggaagggtttggcctct,RSDHLTQ,QSGHLAR,QSGTRNH,QSSDLSR,RRDNLHS,
US_10808020_B2,51446,aaagcaactgttagcttgcactagacta,STGNLTN,TSGSLTR,DQSNLRA,AQCCLFH,,
US_10808020_B2,51484,aaagcaactgttagcttgcactagacta,DQSNLRA,RPYTLRL,SRGALKT,TSGSLTR,DQSNLRA,AQCCLFH
US_10808020_B2,51856,aaagcaactgttagcttgcactagacta,DQSNLRA,RNFSLTM,SNGNLRN,TSGSLTR,DQSNLRA,AQCCLFH
US_10808020_B2,51857,aaagcaactgttagcttgcactagacta,DQSNLRA,RNFSLTM,STGNLTN,TSGSLTR,DQSNLRA,AQCCLFH
US_10808020_B2,51862,aaagcaactgttagcttgcactagacta,DQSNLRA,RNFSLTM,SSYNLAN,TSGSLTR,DQSNLRA,AQCCLFH
US_10808020_B2,51477,aaagcaactgttagcttgcactagacta,DQSNLRA,RPYTLRL,SSSNLTN,TSGSLTR,DQSNLRA,AQCCLFH
US_10808020_B2,51478,aaagcaactgttagcttgcactagacta,DQSNLRA,RPYTLRL,SSSNLGN,TSGSLTR,DQSNLRA,AQCCLFH
US_10808020_B2,51487,aaagcaactgttagcttgcactagacta,DQSNLRA,RPYTLRL,SRSALRV,TSGSLTR,DQSNLRA,AQCCLFH
US_10808020_B2,46801,aaagcaactgttagcttgcactagacta,DQSNLRA,RPYTLRL,SGYNLEN,TSGSLTR,DQSNLRA,AQCCLFH
US_10960085_B2,60045,tacgtggtggtgctgaaggaggagaccc,QSSHLTR,QSGNLAR,QSSDLSR,WHSSLHQ,LRHHLTR,HKQHRDA
US_10960085_B2,60043,aggatccgtggaggttgcctggcaccta,RSDVLSE,TRNGLKY,TSGHLSR,QSGHLSR,NNRDLIN,TSSNLSR
US_10960085_B2,60134,ttaccggggggctggtattcatccgccc,QSGALAR,RSDVLSE,RSAHLSR,RSDHLSR,DRSVLAR,
US_10960085_B2,60133,ccgcccggtaccgtggaggggtaatccg,RSDHLSR,QSGHLSR,HKQHRDA,DNSNRIK,RSDHLSE,HSRTRTK
US_10960085_B2,60137,agatgggggtcttaccggggggctggta,RSDHLSR,QQWDRKQ,TPSYLPT,DRSALAR,RSDHLSE,RKDARIT
US_10960085_B2,60334,ggtaccgggcggatgaataccagccccc,QSGNLAR,TSGNLTR,RSDDLTR,RSDHLSE,DKSNRKK,
US_10960085_B2,60259,gaggctggggagtagaggcaggcatcgt,QSGDLTR,RSDNLTR,QSGALAR,QSGHLSR,RSDHLSQ,DSSHRTR
US_10960085_B2,60254,cgctgccggcaacttccgggacgatgcc,RSAHLSR,DSSDRKK,QHQVLVR,QNATRTK,RSDTLSE,RSPGRMG
US_10960085_B2,60289,agagaagtggatcagtctctgcctcaac,DGYYLPT,DRSALAR,ERQTLIK,QSGHLSR,HRWHLQT,AQCCLFH
US_10960085_B2,60287,cggagctcaccctggccgagttgaggca,RSDNLAR,DRSVLHR,RSDTLSA,DKSTRTK,PCRYRLD,RSANLTR
US_10960085_B2,60309,tatccccggcgggcagcctgggcctgca,RSDVLSE,QKCCLRS,DRSHLTR,RSDDLTR,RSDTLSN,TNSDRTK
US_10960085_B2,60308,tgcaggcggcgggcagtgcgctctgact,HRQRLEE,RNASRTR,DRSHLTR,RSDDLTR,RSDTLSE,KPYNLQQ
US_10960085_B2,58780,ctggaggctgccaggaacctacattgtg,HGQTLNE,QSGNLAR,RSDNLSE,SKQYLIK,DRSHLTR,QSGHLSR
US_10960085_B2,65086,ctggaggctgccaggaacctacattgtg,LQQTLAD,QSGNLAR,RSDNLSE,SKQYLIK,DRSHLTR,QSGHLSR
US_10960085_B2,65085,ctggaggctgccaggaacctacattgtg,LQQTLAD,QSGNLAR,RSDNLSE,RGDRRNK,DRSHLTR,QSGHLSR
US_10960085_B2,64992,aggatggagattatgaagagctgatgct,RSANLAR,TSANLSR,TSSNRKT,TSSNLSR,QSGHLQR,TSGNLTR
US_10960085_B2,60393,tcctcctgggacgggagggcgagcatca,RSADLTR,RSDHLTQ,RSDHLSE,QSHHRKT,RSDVLSE,SPSSRRT
US_10960085_B2,65021,tcctcctgggacgggagggcgagcatca,RSADLTR,RSDHLTQ,RSDHLSE,QSGHLSR,RSDVLSE,SPSSRRT
US_10960085_B2,65022,tcctcctgggacgggagggcgagcatca,RSADLTR,RSDHLTQ,RSDHLSE,NSSSRIK,RSDVLSE,SPSSRRT
US_10960085_B2,58781,gtggtgctgatggaggagacccagaggc,DRSNLSR,QSGHLSR,DRSHLSR,TSGNLTR,QSSDLSR,WHSSLHQ
US_10960085_B2,65098,gtggtgctgatggaggagacccagaggc,DRSNLSR,QSGHLSR,QSSHLTR,TSANLSR,QSSDLSR,TSGHLSR
US_10960085_B2,65094,gtggtgctgatggaggagacccagaggc,DRSNLSR,QSGHLSR,DRSHLSR,TSANLSR,QSSDLSR,TSGHLSR
US_10960085_B2,65095,gtggtgctgatggaggagacccagaggc,DRSNLSR,QSGHLSR,DRSHLSR,TSANLSR,QSSDLSR,HRHHLIR
US_10960085_B2,64971,gtgggacctcacaggctgctgcccacgt,QSSDLSR,QSSDLRR,RSDNLSQ,ASNDRKK,DRSDLSR,RSHHLKA
US_10960085_B2,64969,gtgggacctcacaggctgctgcccacgt,QSSDLSR,HRSTRNR,RSDNLSQ,ASNDRKK,DRSDLSR,RSHHLKA
US_10960085_B2,60461,ggggtggtgactcaccggccacgtgggc,DRSTRTK,RRDTLLD,QSADRTK,DRSNLTR,LRHHLTR,LKQHLTR
US_10960085_B2,64983,ggggtggtgactcaccggccacgtgggc,DRSTRTK,RRDTLLD,QSSDLSR,DRSNLTR,HKQHRDA,LRHHLTR
US_10960085_B2,64982,ggggtggtgactcaccggccacgtgggc,DRSTRTK,RRDTLLD,QSSDLSR,DRSNLTR,LKQNLDA,LRHHLTR
US_10960085_B2,60412,gctaagtgcatggctgtctggttctgta,RWQYLPT,DRSALAR,QSSDLSR,RKDALVA,RSHSLLR,QSANRTK
US_10960085_B2,64946,gctaagtgcatggctgtctggttctgta,RSDHLST,DRSALAR,QSSDLSR,RRDALLM,RSHSLLR,QSANRTK
US_10960085_B2,64944,gctaagtgcatggctgtctggttctgta,RSDHLST,DRSALAR,QSSDLSR,RKDALVA,RSHSLLR,QSANRTK
US_10960085_B2,64947,gctaagtgcatggctgtctggttctgta,RSDHLSA,DRSALAR,QSSDLSR,RKDALVA,RSHSLLR,QSANRTK
US_10960085_B2,60413,cacatggggcaacttcagggcctacaga,DSSHRTR,AKWNLDA,QHQVLVR,QNATRTK,RSDHLSR,TSSNRKT
US_10960085_B2,64951,cacatggggcaacttcagggcctacaga,DSSHRTR,AKWNLDA,HASTLQN,QNATRTK,RSDHLSR,TSSNRKT
US_10960085_B2,64952,cacatggggcaacttcagggcctacaga,DRSHLTR,RSDNLRE,QHQVLVR,QNATRTK,RSDHLSR,TSSNRKT
US_10960085_B2,60460,gtgggacctcacaggctgctgcccacgt,QSSDLSR,HRSTRNR,RSDNLSQ,ASNDRKK,ASKTRTN,RSAHLSR
US_10960085_B2,64853,cagagcatcccatggaacctggagcgaa,LQQTLAD,QSGNLAR,RSDVLSN,DRSTRIT,LKQNLDA,RSANLTR
US_10960085_B2,60417,ctggtgccatgctgggataattcgctcc,QSANRTK,DSSHRTR,RSDALSE,RSSTRKT,ERGTLAR,TSGSLTR
US_10960085_B2,64866,ctggtgccatgctgggataattcgctcc,QSANRTK,DSSHRTR,RSDVLSE,RKYSLRV,ERGTLAR,TSGSLTR
US_10960085_B2,64869,ctggtgccatgctgggataattcgctcc,QSANRTK,QSGHLSR,RSDALSE,RSSTRKT,ERGTLAR,TSGSLTR
US_10960085_B2,60474,gagctgcggcagaggctgatccacttct,TSGNLTR,LSQDLNR,RSDNLAR,QNVSRPR,RSDDLTR,QSSDLRR
US_10960085_B2,64912,gagctgcggcagaggctgatccacttct,TSGNLTR,LSQDLNR,RSDNLAR,QSGDLTR,RSDSLSV,RSADLSR
US_10960085_B2,60475,ttgatgacgtctttggtagagaagtgga,QNAHRKT,LRHHLTR,TPSYLPT,DRSALAR,DRSNLSR,TSGNLTR
US_10960085_B2,64928,ttgatgacgtctttggtagagaagtgga,QNAHRKT,LRHHLTR,SLTYLPT,DRSALAR,DRSNLSR,TSANLSR
US_10960085_B2,64802,tcgggagattgagggcagggtcaccatc,RSDHLSR,QSSDLTR,RSDHLSA,SYWSRTV,QSAHRKN,RSAHLSR
US_10960085_B2,64791,tcgggagattgagggcagggtcaccatc,RSDHLSR,QSGDLTR,RSDHLSA,SYWSRTV,QNAHRKT,RSAHLSR
US_10960085_B2,60423,ggcacgctgttgaagtcggtgatggtga,TSGHLSR,DRSALAR,QSSNLAR,TSGSLTR,QSSDLSR,DRSNRNQ
US_10960085_B2,64842,ggcacgctgttgaagtcggtgatggtga,TSGHLSR,TSGSLTR,QSSNLAR,QSGSLTR,QSSDLSR,DRSNRNQ
US_10960085_B2,64844,ggcacgctgttgaagtcggtgatggtga,TSGHLSR,TSGSLTR,QSSNLAR,TSGSLTR,QSSDLSR,DRSNRNQ
US_10960085_B2,60416,cagagcatcccatggaacctggagcgaa,HGQTLNE,QSGNLAR,RSDVLSN,DRSTRIT,LSWNLLT,RSANLTR
US_10960085_B2,64848,cagagcatcccatggaacctggagcgaa,HGQTLNE,QSGNLAR,RSDVLSN,DRSTRIT,LKQNLDA,RSANLTR
US_10960085_B2,60422,tcgggagattgagggcagggtcaccatc,RSAHLSR,QSGDLTR,RSDHLSA,SYWSRTV,QNAHRKT,RSAHLSR
US_10960085_B2,64793,tcgggagattgagggcagggtcaccatc,RSDHLSR,QSGDLTR,RSDHLSA,SYWSRTV,QSAHRKN,RSAHLSR
US_10960085_B2,69920,gtgggacatcgcaggctgctgcccacgt,QSSDLSR,QSSDLRR,RSDNLST,RSNDRIK,QNATRIN,RSAHLSR
US_10960085_B2,69929,ggggtggtgacttaccagccacgtgggc,ERGTLAR,QSADRTK,SHLGLTI,DRSNLTR,LKQNLDA,LRHHLTR
US_10960085_B2,69913,gtggtgctgaaggaggagacccaccgct,DRSNLSR,QSGHLSR,QSGHLAR,QSGNLAR,QSSDLSR,TSGHLSR
US_10960085_B2,69915,gtgggacatcgcaggctgctgcccacgt,QSSDLSR,QSSDLRR,RSDNLSA,RNNDRKT,DRSDLSR,RSHHLKA
US_10960085_B2,69922,ggggtggtgacttaccagccacgtgggc,DRSTRTK,RRDTLLD,QSAVLPG,DRSNLTR,LKQNLDA,LRHHLTR
US_10960085_B2,69925,ggggtggtgacttaccagccacgtgggc,DRSDLSR,QSGDLTR,QSAVLPG,DRSNLTR,LKQNLDA,LRHHLTR
US_10960085_B2,69926,ggggtggtgacttaccagccacgtgggc,DRSDLSR,QSGDLTR,SHLGLTI,DRSNLTR,LKQNLDA,LRHHLTR
US_10960085_B2,69916,gtgggacatcgcaggctgctgcccacgt,QSSDLSR,QSSDLRR,RSDNLSA,RSNDRKK,DRSDLSR,RSHHLKA
US_10960085_B2,69918,gtgggacatcgcaggctgctgcccacgt,QSSDLSR,QSSDLRR,RSDNLSA,RNNDRKT,QNATRIN,RSAHLSR
US_10960085_B2,69919,gtgggacatcgcaggctgctgcccacgt,QSSDLSR,QSSDLRR,RSDNLSA,RSNDRKK,QNATRIN,RSAHLSR
US_10960085_B2,69903,gtggaggctgcccggcacctacgtggtg,TGQTLRG,QNATRTK,RSDNLSE,SKQYLIK,DRSHLTR,QSGHLSR
US_10960085_B2,69912,gtggtgctgaaggaggagacccaccgct,DRSNLSR,QSGHLSR,QSGHLQR,QSGNLAR,QSSDLSR,TSGHLSR
US_10960085_B2,59642,ctttgcctcgctggactggtatttgtgt,RSDVLSE,QSGHLSR,QSSDLSR,QSSDLSR,RLYTLHK,
US_10960085_B2,59199,ccgcggggccagcttcagacacaaatac,DRSNLSR,QSADRTK,QSSDLSR,QRSTLKS,RSAHLSR,RSDDLTR
US_10960085_B2,63107,acggcgagaaagctgaacagcaggcacc,QSGNLAR,QSSDLSR,QSGNRTT,RSANLAR,DRSHLAR,
US_10960085_B2,63106,ggcacctggggtgaaaagtgcacatctt,QSGDLTR,LRHQLKS,QRSNLVR,TSGHLSR,RSDVLST,DTRNLRA
US_10960085_B2,63342,ctgctccttgcacgaaggtcacattcag,DRSALSR,RLDNRTA,RSDTLSE,QKRNRTK,IRSTLRD,HRSSLRR
US_10960085_B2,63341,ttgactttgaaggggaagaactgaatgt,QSANRTK,QSGNLAR,RSDHLSE,QSGNLAR,GTQGLGI,DRSNLTR
US_10960085_B2,63238,gcagagtgctggaaaatatccatggggc,TSSNRKT,QSGHLSR,RSDVLSE,RLYTLHK,QNAHRKT,
US_10960085_B2,63236,ccgctgagttcacaggttgccccatgga,ERGTLAR,TSGSLTR,RSDNLSQ,ASNDRKK,RSANLAR,QSSDLRR
US_10960085_B2,63195,ttgtcggtcttagagatattaaagttgg,YSWTLRD,TSGNLTR,QNAHRKT,STAALSY,TSGHLSR,DRSALAR
US_10960085_B2,63194,aaggacttgatatgagagggtccaactt,TSGHLSR,RSDNLTR,RSDTLSQ,ASANRTK,YTYSLSE,QSGHLSR
US_10960085_B2,63411,ttcacttgcaggctgacctgccatggcc,DRSNLSR,LRQDLKR,RSDNLST,RQWSLRI,DRSNRTT,
US_10960085_B2,63410,tctttaggggagtggccatggcaggtca,DRSTRTK,RSDSLLR,QRCHLTK,RSDHLSQ,STAALSY,
US_10960085_B2,63375,tgcatgccataggtgatcctagttgggg,HNHDLRN,TSGNLTR,LRHHLTR,QKWPRDS,DRSDLSR,LRFNLRN
US_10960085_B2,63374,gggagccatctgtggataaccttaagga,DRSNRTT,TNSNRKR,RSDSLLR,LKQDRRK,IKHDLHR,RSANLTR
US_10960085_B2,66075,acttgctgcatatgtggctaaagcaata,QLGNLHT,DRSHLAR,RSDVLST,ASGNLLN,RSDVLSE,RKYSLRV
US_10960085_B2,66079,acttgctgcatatgtggctaaagcaata,QLGNLHT,DRSHLAR,RSDVLST,ASGNLLN,RSDTLSE,RRWSLSV
US_10960085_B2,64555,tcccagctgatagatgggtctattgctt,DRSALAR,RKYYLAK,QSAHLVC,TSGNLTR,QSSDLSR,QRSTLKS
US_10960085_B2,64552,acttgctgcatatgtggctaaagcaata,QLGNLHT,DRSHLAR,RSDVLST,ASGNLLN,RSDVLSE,RNFSLTM
US_10960085_B2,69128,aggactttgaccatcagaggacatttgg,QSGHLAR,QLTHLNS,SKLYLNN,DRSNLTR,YRWLRNS,DRSNLTR
US_10960085_B2,59771,gtgcccagggtgctggagaatccaaatg,QSSNLAR,QSGHLSR,QSSDLSR,TSGHLSR,RSDNLSE,ASKTRKN
US_10960085_B2,64080,ctgccttgctggactggtatttgtgtct,VSNNLAC,DRSNLTR,RSDVLSE,RNFSLTM,DRSTRTK,
US_10960085_B2,67495,tgcatgctcatggaatggggagatgcca,RSDHLST,RSDARTN,QSGHLAR,IRSNLLA,QSSDLSR,LKWNLRT
US_10960085_B2,60750,cttactggaaggcacttggcatctcccc,ARSTRIT,QSGSLTR,RSDNLSV,RNAHRIN,DNSNRIK,
US_10960085_B2,67493,tgcatgctcatggaatggggagatgcca,RSDHLST,RSDARTN,QSGHLAR,IRSNLLA,QSSDLSR,LRHNLRA
US_10960085_B2,64347,tcttactggaaggcacttggcatctccc,YTYSLSE,QSGDLTR,RKDQLVA,RSDVLSE,QRTPRAK,
US_10960085_B2,60751,tgcatgctcatggaatggggagatgcca,RSAHLSR,RSDALTQ,QSGHLAR,IRSNLLA,QSSDLSR,LRHNLRA
US_10960085_B2,57730,gaggaggagcagacgatgagaagccatc,RSANLAR,TSGNLTR,DRSNLSR,QSGDLTR,QSGHLAR,DRSHLAR
US_10960085_B2,57731,ccttgctggactggtatttgtgtctgag,RPYTLRL,HRSNLNK,VSNNLAC,DRSNLTR,RSDVLSE,RNFSLTM
US_10960085_B2,60602,cacatgcacggccacattgatggcagga,TSGNLTR,HKSARAA,YDYGRYT,DRSHLAR,QSGDLTR,TSHNRNA
US_10960085_B2,60601,tagatgctgtccgaggcagtcctgccat,QSGDLTR,RSDNLAR,DSSDRKK,QSSDLSR,TSGNLTR,
US_10960085_B2,60764,gctcatggaatggggagatgccaagtgc,RSDSLSV,RSANLTR,RSDHLSR,TSSNRKT,RSDHLSQ,QSADRTK
US_10960085_B2,60765,gcagaggtgagtatacagaccttcgagg,DRSNLSR,QKVTLAA,TSSNRKT,RSDDLSR,LRHHLTR,QSAHLKA
US_10960085_B2,60502,ctgccttgctggactggtatttgtgtct,VSNNLAC,DRSNLTR,RSDVLSE,RNFSLTM,HRKSLSR,
US_10960085_B2,67458,ctgccttgctggactggtatttgtgtct,VSNNLAC,DRSNLTR,RSDTLSE,RRWSLSV,DRSTRTK,
US_10960085_B2,61046,ctttgcctcgctggactggtatttgtgt,RSDVLSE,QSGHLSR,LSQDLNR,QSSDLSR,RLYTLHK,
US_10960085_B2,59192,ctttgcctcgctggactggtatttgtgt,RSDTLSE,QSGHLSR,QSSDLSR,QSSDLSR,RLYTLHK,
US_10960085_B2,59245,aggactttgaccatcagaggacatttgg,QSGHLAR,QLTHLNS,SKLYLNN,DRSNLTR,GTQGLGI,DRSNLTR
US_10960085_B2,59244,gtgcccagggtgctggagaatccaaatg,QSSNLAR,QSGHLSR,QSSDLSR,WHSSLHQ,RSDNLSE,ASKTRKN
US_10960085_B2,59316,aaaaagacctctgagggatcctgggagc,DSGGLSK,QSGHLSR,RSDNLAR,WRGDRVK,DRSNLSR,QRQNLVN
US_10960085_B2,59317,cttacccagaggcaaagggctcccagga,RSDNLSV,RSADLSR,RSDNLAR,QGQDRHK,DNSNRIK,
US_10960085_B2,61135,aaaaagacctctgagggatcctgggagc,DSGGLSK,QSGHLSR,RSDNLAR,RSDNLAR,DRSNLSR,QRQNLVN
US_10960085_B2,61137,aaaaagacctctgagggatcctgggagc,DSSDRKK,QSGHLSR,RSDNLAR,WRGDRVK,DRSNLSR,QRQNLVN
US_10960085_B2,60489,gcagaggaggagcagacgatgagaagcc,DRSNLSR,QSGDLTR,QSGHLSR,QSGHLAR,QLTHLNS,
US_10960085_B2,60488,attcttggcaggatggcttctcatcgtc,QYCCLTN,TSGNLTR,RSDNLST,FHSCLSA,RNSDRTK,
US_11110154_B2,29638,CTTGTACAGCTGTGAGGGTGAGCATAAT,RSDHLSQ,RSAVRKN,QSSDLSR,QSGDLTR,WSTSLRA,
US_11110154_B2,25917,GCCATGGTGGGAGAGACTGTGAGGCGGC,DRSNLSR,QRTHLTQ,RSSHLSR,TSGSLSR,TRQNRDT,
US_11110154_B2,25916,CTCAGCAGGTGGTGACCTTGTGGACATT,DQSTLRN,RSAALSR,RSDALAR,RSDNLSE,KRCNLRC,
US_11110154_B2,33074,AGCAGCAGCAGCAGCAGCAGCAGCAGCA,RSDNLSE,KRCNLRC,QSGDLTR,QSGDLTR,RSDNLSE,KRCNLRC
US_11110154_B2,33080,CAGCAGCAGCAGCAGCAGCAGCAGCAGC,QSGDLTR,QSGDLTR,RSDNLSE,KRCNLRC,QSGDLTR,QSGDLTR
US_11110154_B2,33084,TGCTGCTGCTGCTGCTGCTGCTGGAAGG,QSSDLSR,HRSTRNR,RSDTLSE,RRWTLVG,,
US_11110154_B2,33088,CTGCTGCTGCTGCTGCTGCTGCTGGAAG,QSSDLSR,HRSTRNR,RSAVLSE,QSSDLSR,HRSTRNR,
US_11110154_B2,30643,CAGCAGCAGCAGCAGCAGCAGCAGCAGC,RSDNLSE,KRCNLRC,QSSDLSR,QWSTRKR,QSSDLSR,QWSTRKR
US_11110154_B2,30648,AGCAGCAGCAGCAGCAGCAGCAGCAGCA,RSDNLSE,KRCNLRC,RSDNLSE,KRCNLRC,RSDNLSE,KRCNLRC
US_11110154_B2,30645,CAGCAGCAGCAGCAGCAGCAGCAGCAGC,RSDNLSE,KRCNLRC,QSSDLSR,QWSTRKR,QSGDLTR,
US_11110154_B2,30640,CAGCAGCAGCAGCAGCAGCAGCAGCAGC,QSSDLSR,QWSTRKR,QSSDLSR,QWSTRKR,QSGDLTR,
US_11110154_B2,30657,CTGCTGCTGCTGCTGCTGCTGGAAGGAC,RSDTLSE,RRWTLVG,QSSDLSR,HRSTRNR,QSSDLSR,HRSTRNR
US_11110154_B2,30642,CAGCAGCAGCAGCAGCAGCAGCAGCAGC,QSGDLTR,QSSDLSR,QWSTRKR,QSSDLSR,QWSTRKR,
US_11110154_B2,30646,CAGCAGCAGCAGCAGCAGCAGCAGCAGC,RSDNLSE,KRCNLRC,QSGDLTR,QSSDLSR,QWSTRKR,
US_11110154_B2,32220,CTGCTGCTGCTGCTGCTGCTGCTGGAAGG,RSDVLSE,QSSDLSR,HRSTRNR,,,
US_11110154_B2,32210,CAGCAGCAGCAGCAGCAGCAGCAGCAGC,QSGDLTR,QSSDLSR,QWSTRKR,,,
US_11110154_B2,32215,AGCAGCAGCAGCAGCAGCAGCAGCAGCA,RSDNLRE,RSDNLSE,KRCNLRC,,,
US_11110154_B2,32218,GCAGCAGCAGCAGCAGCAGCAGCAGCAG,QSSDLSR,QSSDLSR,,,,
US_11110154_B2,32653,GCAGCAGCAGCAGCAGCAGCAGCAG,RSDHLSE,QSGHLSR,RSDDLTR,YRWLLRS,QSSDLSR,RKDALVA
US_11110154_B2,32677,GCAGCAGCAGCAGCAGCAGCAG,QSGDLTR,RRADLSR,DRSHLTR,DRSHLAR,DRSNLSR,LAQPRNK
US_11110154_B2,33560,CGCACTCGCCGCGAGGGTTGCCGGGACG,ERGTLAR,QSGSLTR,RSDNLAR,DDSHRKD,RSDDLSK,DNSNRIK
US_11110154_B2,33583,GTGGCGATGCGGGGGGCGTGGTGAGGTA,DRSNLSR,HKQHRDA,DRSDLSR,RRTDLRR,RSANLAR,DRSHLAR
US_11110154_B2,18856,ACGCTGCGCCGGCGGAGGCGGGGCCGCG,RSDDLSR,RNDNRTK,RSDDLTR,RSDDRKT,RSADLTR,QSSDLRR
US_11110154_B2,25920,GCGCTCAGCAGGTGGTGACCTTGTGGAC,RSAALSR,RSDALAR,RSDNLSE,KRCNLRC,QSSDLRR,
US_11110154_B2,25921,ATGGTGGGAGAGACTGTGAGGCGGCAGC,WRSCRSA,DRSNLSR,QRTHLTQ,RSAHLSR,TSGHLSR,
US_11110154_B2,25923,TGGGAGAGACTGTGAGGCGGCAGCTGGG,RSDDLSR,RNDNRTK,WRSCRSA,RSDNLAR,QSGHLSR,
US_11110154_B2,25922,ATGGCGCTCAGCAGGTGGTGACCTTGTG,RSAALSR,RSDALAR,RSDNLSE,KRCNLRC,QSSDLSR,DRSHLAR
US_11110154_B2,32468,AGCCGGCCGTGGACTCTGAGCCGAGGTG,RSDNLAR,WRGDRVK,DRSNLSR,TSGSLTR,ERGTLAR,RSDDRKT
US_11110154_B2,32427,CGCACTCGCCGCGAGGGTTGCCGGGACG,ERGTLAR,TSGSLTR,RSDNLAR,DPSNRVG,RSDDLSK,DNSNRIK
US_11110154_B2,32501,GTGGCGATGCGGGGGGCGTGGTGAGGTA,RSDALSR,DRSHLAR,RSDHLSR,QSSDLTR,TSGNLTR,DRSHLAR
US_11110154_B2,32528,CCGGGACGGGTCCAAGATGGACGGCCGC,QSGHLQR,TSGNLTR,QSGDLTR,DRSHLAR,RSDVLST,VRSRLRR
US_11110154_B2,30580,AGCCGGCCGTGGACTCTGAGCCGAGGTG,RSDNLAR,WRGDRVK,DRSDLSR,RSDALAR,ERGTLAR,RSDDRKT
US_11110154_B2,30929,CCGTCCCGGCAGCCCCCACGGCGCCTTG,DRSTLRQ,DRSDLSR,QSSTRAR,RSDTLSE,HRRSRWG,
US_11110154_B2,30658,CTGCTGCTGCTGCTGCTGCTGGAAGGAC,QSSDLSR,HRSTRNR,QSSDLSR,HRSTRNR,QSSDLSR,
US_11110154_B2,32538,CGGGTCCAAGATGGACGGCCGCTCAGGT,DRSDLSR,RRDTLRS,RSDHLST,QSAHRIT,QSGDLTR,DRSHLAR
US_11110154_B2,32567,CTGCTGCTGCTGCTGGAAGGACTTGAGG,RSDHLSE,QNAHRKT,QSSDLSR,HRSTRNR,QSSDLSR,HRSTRNR
US_11110154_B2,29627,TCAGATGGGACGGCGCTGACCTGGCTGG,DRSNLSR,LRQDLKR,DRSHLTR,DRSNLTR,RSDHLST,QSAHRIT
US_11110154_B2,29628,CTGCCATGGACCTGAATGATGGGACCCA,TSGNLTR,LKQMLAV,RSDSLSA,DRSDLSR,RSDALST,DRSTRTK
US_11110154_B2,29631,GTGGTCTGGGAGCTGTCGCTGATGGGCG,QSSDLSR,DRSALAR,QSSDLSR,QSGHLSR,RSDVLSE,TSGHLSR
US_11110154_B2,29632,CCGAAGGGCCTGATTCAGCTGTTACCCC,RSDTLSE,KLCNRKC,TSGNLTR,HRTSLTD,RSAHLSR,QSGNLAR
US_11110154_B2,29637,AACTTGCAAGTAACAGAAGACTCATCCT,DRSNLSR,QSGNLAR,DRSNLSR,LKHHLTD,QSGDLTR,YRWLRNN
US_11110154_B2,30901,GTGGTCTGGGAGCTGTCGCTGATGGGCG,DRSALSR,QSGSLTR,QSSDLSR,LKWNLRT,RSDNLAR,LKWDRQT
US_11110154_B2,31952,CCGAAGGGCCTGATTCAGCTGTTACCCC,QSGALAR,RSDDLTR,RSADRTR,RSDHLTQ,QSGDLTR,WSTSLRA
US_11110154_B2,31921,AACTTGCAAGTAACAGAAGACTCATCCT,RDSLLR,RSDDLTR,QSGDLTR,RRDWLPQ,DRSNLSR,RSDDRKT
US_11110154_B2,30906,CCGGGACGGGTCCAAGATGGACGGCCGC,DRSHLSR,TSGNLTR,QSGDLTR,DRSHLAR,RSDVLST,VRSRLRR
US_11110154_B2,32685,CCGGGACGGGTCCAAGATGGACGGCCGC,RSDHLSA,RSADRTR,RSDVLSE,TSGHLSR,RSDDLTR,TSSDRKK
US_11110154_B2,32422,CCGTCCCGGCAGCCCCCACGGCGCCTTG,RSANLAR,RSDDLTR,RSDTLSE,HHSARRC,ERGTLAR,DRSNLTR
US_11110154_B2,32428,CTGCTGCTGCTGCTGCTGCTGGAAGGAC,RSDVLST,DNSSRTR,DRSNLSR,HKQHRDA,DRSDLSR,RRTDLRR
US_11110154_B2,32430,CGGGTCCAAGATGGACGGCCGCTCAGGT,RSDVLST,VRSRLRR,ERGTLAR,TSGSLTR,RSDNLAR,DPSNRVG
US_11110154_B2,32432,CTGCTGCTGCTGCTGGAAGGACTTGAGG,RSDVLST,VRSRLRR,ERGTLAR,TSGSLTR,RSDHLSA,RSADLSR
US_11110154_B2,32714,TCAGATGGGACGGCGCTGACCTGGCTGG,RSDVLST,DNSSRTR,ERGTLAR,QSGNLAR,DRSHLTR,LKQMLAV
US_11110154_B2,32733,CTGCCATGGACCTGAATGATGGGACCCA,DRSNLSR,QKVTLAA,RSAHLSR,TSGNLTR,DRSDLSR,RRSTLRS
US_11504389_B2,65888,ctggtgggtggcggagactgagagcgcg,DSSHLEL,DRSNLTR,DRSHLTR,DRSHLAR,RSAHLSR,TSGHLSR
US_11504389_B2,52389,ccgttgcgcctgattgatgcccagctcc,ERGTLAR,TSANLSR,TSGNLTR,HRTSLTD,RSHSLLR,HPSARKR
US_11504389_B2,52366,cttctgtcgattatcaggtaagcgccgc,RSDNLSE,TSSNRKT,TSGNLTR,DRSALAR,RNSDRTK,
US_11504389_B2,57890,tggtgctggagctggtgggtggcggaga,LRHHLTR,RRFTLSK,RSDVLSE,KHSTRRV,RSDVLSE,KHSTRRV
US_11504389_B2,52288,aggggcgggcagcgaggcctgggcgggc,RSADLTR,QSGDLTR,RSDHLSE,RSAHLSR,,
US_11504389_B2,65976,ctccagaaggggatcatgacctcctcac,DRSNLSR,LRQNLIM,TSANLTV,RSDHLSR,QSGNLAR,QRNDRKS
US_11504389_B2,57930,cggcagaaggtgggcggtggcggcggcg,DRSHLTR,LKQHLTR,RSAHLSR,TSGHLSR,QSGNLAR,QSGDLTR
US_11504389_B2,57947,gcggcggcggcagaaggtgggcggtggc,RSAHLSR,TSGHLSR,QSGNLAR,QSGDLTR,DRSHLSR,DRSHLAR
US_11512287_B2,55248,aggattcggaacccaatcactgacaggt,DQSNLRA,TSSNRKT,LQQTLAD,QSGNLAR,RREDLIT,TSSNLSR
US_11512287_B2,55266,tcaagctggtcgagaaaagctttgaaac,QSSDLSR,QSGNRTT,RSANLAR,DRSALAR,RSDVLSE,KHSTRRV
US_11512287_B2,55254,ctcctgaaagtggccgggtttaatctgc,RSDHLST,DRSHLAR,LKQHLNE,QSGNLAR,HNSSLKD,
US_11512287_B2,53853,aacaggtaagacaggggtctagcctggg,TMHQRVE,TSGHLSR,RSDHLTQ,DSANLSR,QSGSLTR,AKWNLDA
US_11512287_B2,57531,gagtagcgcgagcacagctaaggccacg,AQCCLFH,DQSNLRA,RSANLTR,RSDDLTR,QSGSLTR,
US_11512287_B2,57332,tgtcggatggatgaaacccagacacata,RSDNLSE,ASKTRTN,QSGNLAR,TSANLSR,TSGNLTR,RTEDRLA
US_11512287_B2,57071,gccacggagcgagacatctcggcccgaa,RSDDLSK,DSSARKK,DRSNLSR,QRTHLRD,QSGHLAR,DSSNREA
US_11512287_B2,57327,tagcaattcaggaaatttgactttccat,DRSNLSR,ARWYLDK,QSGNLAR,AKWNLDA,QQHVLQN,QNATRTK
US_11512287_B2,52742,tcctcctgaaagtggccgggtttaatct,RSAHLSR,DRSDLSR,RSDSLSV,QNANRKT,RSDVLSE,SPSSRRT
US_11512287_B2,53856,ctgtgctagacatgaggtctatg,TMHQRVE,TSGHLSR,RSDSLST,DRANRIK,QKATRTT,RNASRTR
US_11512287_B2,53860,ctgtgctagacatgaggtctatggactt,TMHQRVE,TSGHLSR,RNDSLKT,DSSNLSR,QKATRTT,RNASRTR
US_11512287_B2,53863,ttcaagagcaacagtgctgtggcctgga,RSDSLLR,QSSDLRR,RSDNLSE,ERANRNS,RSDNLAR,QKVNLMS
US_11512287_B2,55287,ttcaagagcaacagtgctgtggcctgga,RSDSLLR,QSSDLRR,RSDNLSE,ERANRNS,RSDNLAR,QKVNLRE
US_11512287_B2,53855,ctgtgctagacatgaggtctatggactt,TMHQRVE,TSGHLSR,RSDTLSQ,DRSDLSR,QKATRTT,RNASRTR
US_11512287_B2,53885,cctgtcagtgattgggttccgaatcctc,,TSGSLTR,RSDHLST,TSSNRTK,RSDNLSE,WHSSLRV
US_11512287_B2,52774,cctgtcagtgattgggttccgaatcctc,RKQTRTT,HRSSLRR,RSDHLST,TSANLSR,RSDNLSE,WHSSLRV
US_11512287_B2,53909,tcctcctgaaagtggccgggtttaatct,RSAHLSR,DRSDLSR,RSDVLSV,QNNHRIT,RSDVLSE,SPSSRRT
US_11512287_B2,72732,gccacggagcgagacatctcggcccgaa,RSDDLSK,DSSARKK,DRSNLSR,QRTHLRD,QSGHLAR,
US_11512287_B2,55204,ttgctcttgaagtccatagacctcatgt,DRSNLSR,QKVTLAA,DRSALSR,TSGNLTR,YRSSLKE,TSGNLTR
US_11512287_B2,53759,gtgctgtggcctggagcaacaaatctga,QQNVLIN,QNATRTK,QSGHLAR,NRYDLMT,RSDSLLR,QSSDLTR
US_11512287_B2,55229,ctgttgctcttgaagtccatagacctca,DRSALAR,QSGNLAR,HRSTLQG,QSGDLTR,TSGSLTR,
US_11512287_B2,53785,ctgtggcctggagcaacaaatctgactt,QHQVLVR,QNATRTK,QSGHLSR,DRSDLSR,RSDALAR,
US_11512287_B2,53810,aggattcggaacccaatcactg,DQSNLRA,TSSNRKT,DSSTRKT,QSGNLAR,RSDDLSE,TNSNRKR
US_11512287_B2,55255,ctcctgaaagtggccgggtttaatctgc,RSDHLST,DRSHLAR,LKQHLNE,TSGNLTR,HRTSLTD,
US_11512287_B2,55260,ctcctgaaagtggccgggtttaatctgc,RSDHLST,DRSHLAR,LNHHLQQ,QSGNLAR,HKTSLKD,
US_11649468_B2,15587,actagggacaggattg,QSSNLAR,RTDYLVD,YNTHLTR,RSDNLTT,,
US_11649468_B2,15590,actagggacaggattg,QSSNLAR,RTDYLVD,YNTHLTR,QGYNLAG,,
US_11649468_B2,15554,ccccactgtggggtgg,ERHHLMR,RSDHLTT,HNYARDC,QNSTRIG,,
US_11649468_B2,15556,ccccactgtggggtgg,YNWHLQR,RSDHLTT,HNYARDC,QNSTRIG,,
US_11649468_B2,15557,ccccactgtggggtgg,LHHQLVR,RSDHLTT,HNYARDC,QNSTRIG,,
US_11649468_B2,9931,actagggacaggattg,QSSNLAR,RPDFLNQ,QSGHLAR,RSDNLTT,,
US_11649468_B2,10099,ccccactgtggggtgg,QSSHLTR,RSDHLTT,HNYARDC,QKATRTT,,
US_11834686_B2,2,caaatgcttgtgagaaagcttgctca,QSSDLSR,LKWNLRT,RSDNLAR,WQSSLIV,QSSDLSR,QSGNRTT
US_11834686_B2,4,atgcttgtgagaaagcttgctcatca,QSSDLSR,RSDNLAR,WQSSLIV,QSSDLSR,QSGNRTT,
US_11834686_B2,6,cttgtgagaaagcttgctcatcatac,RSDNLAR,WQSSLIV,QSSDLSR,QSGNRTT,TNQNRIT,RSANLTR
US_11834686_B2,7,gtgagaaagcttgctcatcatacttg,AHGARWN,RSANLTR,QSSDLSR,TNQNRIT,RSANLTR,
US_11834686_B2,78476,ggggccatgtttttagaggccataccca,QSAHRKN,STAALSY,TSGSLSR,TSSNRAV,DSSHRTR,
US_11834686_B2,78475,ctggggccatgtttttagaggccatacc,QSAHRKN,STAALSY,TSGSLTR,DRSDLSR,RSTHLVR,
US_11834686_B2,78474,ctggggccatgtttttagaggccatacc,QNAHRKT,STAALSY,TSGSLTR,ERGTLAR,RSDHLSR,
US_11834686_B2,78488,atgtttttagaggccatacccatgtcta,TQATLGV,DRSHLAR,QSAHRKN,STAALSY,TSGSLTR,
US_11834686_B2,78486,atgtttttagaggccatacccatgtcta,SNQNLTT,DRSHLAR,QSAHRKN,STAALSY,TSGSLTR,
US_11834686_B2,78485,gccatgtttttagaggccatacccatgt,SNQNLTT,DRSHLAR,QSAHRKN,STAALSY,TSGSLSR,HSATLKY
US_11834686_B2,78484,gccatgtttttagaggccatacccatgt,SNQNLTT,DRSHLAR,QNAHRKT,STAALSY,TSGSLSR,TSSNRAV
US_11834686_B2,78483,gccatgtttttagaggccatacccatgt,SNQNLTT,DRSHLAR,QSAHRKN,STAALSY,TSGSLSR,TSSNRAV
US_11834686_B2,78482,gggccatgtttttagaggccatacccat,TQATLGV,DRSHLAR,QSAHRKN,STAALSY,RSDALST,DRSTRTK
US_11834686_B2,78481,gggccatgtttttagaggccatacccat,SNQNLTT,DRSHLAR,QNAHRKT,STAALSY,RSDALST,DRSTRTK
US_11834686_B2,78480,gggccatgtttttagaggccatacccat,SNQNLTT,DRSHLAR,QSAHRKN,STAALSY,RSDALST,DRSTRTK
US_11834686_B2,78477,ggggccatgtttttagaggccataccca,QNAHRKT,STAALSY,TSGSLSR,TSSNRAV,DSSHRTR,
US_12509703_B2,75893,gggctagggctgaagtgaggtgaaaggt,RSDHLSQ,RSAVRKN,QSSNLAR,QSSDLRR,RSDHLSQ,ASSTRTK
US_12509703_B2,75895,aggttgggagtggggtcttgttcagggc,SLTYLPT,DRSALAR,RSDHLSE,AKHHRKT,RSAHLSR,TSGSLTR
US_12509703_B2,75591,tcggccatcagaagggagggaccctgct,RSAHLSR,QSGHLSR,RSDNLSV,ASWTLTQ,SNQNLTT,DRSHLAR
US_12509703_B2,75592,gctaagtaattccaggagcacctccttt,DQSNLRA,RSANLTR,RSDNLST,DNSYLPR,QSGALAR,QSANRTK
US_12509703_B2,75714,agggatgggatgacttggctttaggtca,QSSDLSR,RTDALRG,DRSNLSR,TSGNLTR,RSDDLSK,DSSHRTR
US_12509703_B2,75715,ggactcaggtggggggtctaggggtgag,RSDNLST,DRSALAR,RSDHLST,RSDALAR,RSDNLSE,ARSTRTN
US_12509703_B2,76695,acggccattcgcaggtgctgacattttg,RSDVLSE,RLYTLHK,RSDNLSA,RNNDRKT,SNQNLTT,DRSHLAR
US_12509703_B2,76698,caggcttctggcagagaagcttaaagac,QSSDLSR,QSGNLAR,RSDNLST,FHSCLSA,PYYGRHG,DRSHLAR
US_12509703_B2,75683,gctcagggcaaggatgaggttagttgtg,LRHHLTR,VAEYRYK,QSGHLAR,QRTNLVE,RSDHLSN,QSHDRTK
US_12509703_B2,75684,gtcagggacatggttaggtggttaggct,RQDCLSL,RNDNRKT,TSGSLSR,TRQNRDT,QSSHLTR,RLDNRTA
US_12509703_B2,75806,aaggatttggaaggggtaaagggccagg,QRNHRTT,LRHHLTR,RSDHLSA,QSGHLSR,TNHLLRT,QSGHLSR
US_12509703_B2,75808,aaggtgaagggtcagaagtggggtcaag,RSDALSR,QSGNLAR,QSADRTK,RSANLTR,QRSNLVR,TSGHLSR
US_12509703_B2,75606,aaggaggtgctcctggaattacttagca,HAQGLRH,QSGHLSR,IRSTLRD,HRSSLRR,TSGHLSR,QSGHLSR
US_12509703_B2,75609,ctcccctgaccaaggaaaatcggggtgg,TSSNRKT,QSGHLSR,RSDTLSV,DNSTRIK,RSDDLTR,DRSTRRQ
US_12516098_B2,37706,acccagatacaaacaatggatagaaaac,RSDVLSA,QNATRIN,QSGDLTR,TSGNLTR,QSNDLNS,
US_12516098_B2,48407,tgcaaaaggtaggaaaaggaccaaccag,RSDNLSV,QSGDLTR,RSDYLAK,RSDNLSV,QNANRIT,
US_12516098_B2,59488,ggaaggccccagcaggcaagggctgcat,RSDHLSQ,QNATRTK,RSDNLSE,KRCNLRC,DRSTRTK,RRDNLHS
US_12516098_B2,59489,gaggaggtggcagagggtaccccagccc,GHTSLKR,TSGHLSR,RSDNLAR,QNVSRPR,TSGHLSR,QSGHLSR
US_2017-0183420_A1,22937,ggtagggcgtgggggccacgggcccacc,RSDTLSV,DNSTRIK,RSDHLSQ,RSDVRKN,DRSHLTR,RSDNLTT
US_2017-0183420_A1,22945,atgtggaggaagagggggcgggagcaag,RSDDLTR,RSDHLSR,RSDNLAR,QSGNLAR,RSDNLAR,RSDALAR
US_2017-0183420_A1,22954,gagcagtggagaaggcggcactctggtg,QSGDLTR,RSDDLTR,RSDNLSV,RSANLTR,RSDVLSK,QNATRIK
US_2017-0183420_A1,22957,gtggagaaggcggcactctggtggggct,RSDVLSE,ARSTRTN,RSDVLSK,DRSHLAR,QSGNLAR,QSGHLSR
US_2017-0183420_A1,22959,acaactgggctggcggccaggatggttc,RSDNLSE,DRSHLAR,DRSHLTR,QSSDLRR,RSDHLST,DRSNRKT
US_2017-0183420_A1,20186,acagtgcttcggcaggctgacagccagg,QSSDLSR,RSDNLRE,RSDDLSK,QSSDLRR,LKQHLNE,
US_2017-0183420_A1,20185,acccggacctcagtggctttgcctggag,DRSALSR,RSDALAR,QSGDRNK,DRSNLSR,RSDDRKT,
US_2017-0183420_A1,20190,actacctgggcataggcaacggaaccca,QSGSLTR,RSDNLTT,QNATRIK,RSDVLSA,DRSNRIK,
US_2017-0183420_A1,20189,tggcggtgggtacatgagctccaccttg,RSANLAR,TNQNRIT,TSGHLSR,RSDSLLR,RNDDRKK,
US_2017-0183420_A1,25023,cagtcgtctgggcggtgct,RPSTLHR,RSDELTR,RANHRVC,TRPVLKR,DRSALAR,
US_2017-0183420_A1,25025,cagtcgtctgggcggtgct,RPSTLHR,RSDELTR,RSTHLLG,TRPVLKR,DRSALAR,
US_2017-0183420_A1,25027,cagtcgtctgggcggtgct,RNAALTR,RSDELTR,RSCGLWS,TRPVLKR,DRSALAR,
US_2017-0183420_A1,25028,cagtcgtctgggcggtgct,CNAALTR,RSDELTR,REEHRAT,TRPVLKR,DRSALAR,
US_2017-0183420_A1,25029,cagtcgtctgggcggtgct,RNAALTR,RSDELTR,RHHHLAA,TRPVLKR,DRSALAR,
US_2017-0183420_A1,25030,cagtcgtctgggcggtgct,RNAALTR,RSDELTR,RPMHLTN,TRPVLKR,DRSALAR,
US_2017-0183420_A1,25031,cagtcgtctgggcggtgct,RNAALTR,RSDELTR,RSPHLYH,TRPVLKR,DRSALAR,
US_2017-0183420_A1,25032,cagtcgtctgggcggtgct,RNAALTR,RSDELTR,RCEALHH,TRPVLKR,DRSAQAR,
US_2017-0183420_A1,25034,cagtcgtctgggcggtgct,RNAALTR,RSDELTR,RCEALHH,TRPVLKR,DRSALAR,
US_2017-0183420_A1,25040,cagtcgtctgggcggtgct,RNAALTR,RSDELTR,RLPALLS,TRPVLKR,DRSALAR,
US_2017-0183420_A1,25041,cagtcgtctgggcggtgct,HNAALTR,RSDELTR,RTYNRTQ,TRPVLKR,DRSALAR,
US_2017-0183420_A1,12942,ccagggcgcctgtgggatctgcatgcct,QSGHLSR,RSDSLSV,HNDSRKN,RSDDLTR,RSDHLTQ,
US_2017-0183420_A1,12946,cagtcgtctgggcggtgctacaactggg,RSAALSR,RSDDLTR,RSDHLTT,DRSALSR,DRSALAR,
US_2017-0183420_A1,12947,cagtcgtctgggcggtgctacaactggg,RSAALAR,RSDDLSK,RNDHRKN,DRSALSR,DRSALAR,
US_2017-0183420_A1,12934,gaacacaggcacggctgaggggtcctcc,RSDHLSE,TSSDRTK,RSDHLSE,QSASRKN,,
US_2017-0183420_A1,12971,ctgtggactatggggagctggatttcca,RSDVLSE,RSANLTR,RSDHLSQ,TSSNRKT,DRSNLSR,RSDALAR
US_2017-0183420_A1,12972,ctgtggactatggggagctggatttcca,DDWNLSQ,RSANLTR,RSDHLSQ,TSSNRKT,DRSNLSR,RSDALAR
US_2017-0183420_A1,18759,cagtcgtctgggcggtgct,RSSALSR,RPLALKH,RNDHRKN,TRPVLKR,DRSALAR,
US_2017-0183420_A1,22237,ccagggcgcctgtgggatctgcatgcct,QSGHLSR,RSDSLSV,HNDSRKN,RANSLLR,RSDHLTQ,
US_2017-0183420_A1,25005,cagtcgtctgggcggtgct,RPSTLHR,RSDELTR,RNNNLRT,TRPVLKR,DRSALAR,
US_2017-0183420_A1,25006,cagtcgtctgggcggtgct,RPSTLHR,RSDELTR,TNWHLRT,TRPVLKR,DRSALAR,
US_2017-0183420_A1,25010,cagtcgtctgggcggtgct,RPSTLHR,RSDELTR,RTPHLTL,TRPVLKR,DRSALAR,
US_2017-0183420_A1,25011,cagtcgtctgggcggtgct,RPSTLHR,RSDELTR,RSAQLAT,TRPVLKR,DRSALAR,
US_2017-0183420_A1,25012,cagtcgtctgggcggtgct,RPSTLHR,RSDELTR,RCTHLYL,TRPVLKR,DRSALAR,
US_2017-0183420_A1,25013,cagtcgtctgggcggtgct,RPSTLHR,RSDELTR,RPTQRYS,TRPVLKR,DRSALAR,
US_2017-0183420_A1,25014,cagtcgtctgggcggtgct,RPSTLHR,RSDELTR,RANHREC,TRPVLKR,DRSALAR,
US_2017-0183420_A1,25016,cagtcgtctgggcggtgct,RKFARPS,RNFSRSD,HPHHRMC,TRPVLKR,DRSALAR,
US_2017-0183420_A1,25017,cagtcgtctgggcggtgct,RPSTLHR,RSDELTR,RMGRLST,TRPVLKR,DRSALAR,
US_2017-0183420_A1,25022,cagtcgtctgggcggtgct,RPSTLHR,RSDELTR,RHSRLTT,TRPVLMR,DRSALAR,
US_2017-0204425_A1,14025,cgtggagacgtcaaaaga,RSDNLSV,QKINLQV,RSDTLSE,TRSSRIN,RSDALAR,
US_2017-0204425_A1,14033,aaggaagggcgagaaaaggg,RSDHLSA,TSSSRIN,RSDNLAR,DRSHLAR,RSDNLSE,RNAHRTT
US_2017-0204425_A1,14035,agatgcgtaacaggaag,QSGNLAR,RSDHLSE,QKANRTK,RSDDLTR,TSANLSR,
US_2017-0204425_A1,14047,ctaccgggcggagtcgt,RSDDLSK,RSANLTR,RSDDLTR,RSDHLSE,DKSNRKK,
US_2017-0216358_A1,24859,tcctctggacggtgtgagaacctggccc,QNAHRKT,RSDSLLR,RNDDRKK,RNDDRKK,RSDHLST,DSSARKK
US_2017-0327848_A1,18346,ttgttcaggattggacacaacatcctag,RSDHLST,TSANLSR,RSDNLSE,TSGSLTR,,
US_2017-0327848_A1,18347,cagctggagaagaacgaggagacggtaa,QSGALAR,RSDNLTR,QSGNLAR,QSGNLAR,QSGHLQR,QSSDLRR
US_2017-0327848_A1,19135,ctgcggatagtgaggttccggttcccat,RSDTLSE,TSGSLTR,RSDNLSR,QNAHRTT,QSSNLAR,RSDDLTR
US_2017-0327848_A1,19136,tgaggaaggaggacgaaggcctctacac,DRSHLSR,QSGNLAR,DNPNLNR,RSDDLSR,RSDNLSE,RNAHRIN
US_2017-0327848_A1,19119,atgatgacgcccaggagcttcaccaccc,RSANLTR,RSDNLSE,ASKTRKN,DRSNLSR,TSANLSR,
US_2017-0327848_A1,19120,gaggaagggaagtactccctggtgatgg,QSGALAR,QSGNLAR,RSDHLSA,QSGHLSR,,
US_2017-0327848_A1,19123,gtgcagtgaaccaggctgttctgtggct,TSGSLSR,QSSDLRR,RSDTLSA,DNSNRIK,RSAALSR,QSGDLTR
US_2017-0327848_A1,19124,gttcccagggacttgggatgggtcctgt,QSGHLSR,RSDSLSA,DRSNLTR,RSDNLSQ,ASNDRKK,
US_2017-0327848_A1,19121,aaggaggcaaggccgaggtctgcgatct,RSDNLSR,DSSTRKK,RSDNLSV,DRSHLAR,QSGHLSR,
US_2017-0327848_A1,19122,aagatgtggagcaaactgaataatgaag,QRSNLVR,QSSDLTR,GNVDLIE,RSSNLSR,RSDSLSV,TNHNRKT
US_2018-0002379_A1,8266,gatgaggatgac,DRSNLSR,ISSNLNS,RSDNLAR,TSGNLTR,,
US_2018-0002379_A1,20505,aaactgcaaaag,RSDNLSV,QKINLQV,RSDVLSE,QRNHRTT,,
US_2018-0002379_A1,46693,aggatgaggatgaccagcatgttgttgc,DQSNLTR,APSNLWR,TLYNLTR,FLGNLTR,,
US_2018-0002379_A1,46696,ataaactgcaaaaggctgaagagcatga,TKWNLTT,QKINLTA,RKWVLDC,NPGSLHN,,
US_2018-0002379_A1,46697,ataaactgcaaaaggctgaagagcatga,TKWNLTT,QKINLTA,RKSTLND,QKGNLNQ,,
US_2018-0002379_A1,46698,ttatcaggatgaggatgaccagcatgtt,RKAHLVN,WQSGLCN,RKSHLVD,SASGLCH,,
US_2018-0002379_A1,46705,tgcaaaaggctgaagagcatgactgaca,TKQNLTH,SLFNLKR,QLCNLIR,LKSTLVN,RKDNLKS,QKINLVN
US_2018-0002379_A1,46700,ttatcaggatgaggatgaccagcatgtt,DPRSLVN,ARNGLWQ,RKAHLVN,WQSGLCN,RKSHLVD,SASGLCH
US_2018-0002379_A1,46703,tgcaaaaggctgaagagcatgactgaca,QLCNLIR,LKSTLVN,RKDNLKS,QKINLVN,,
US_2018-0002379_A1,44671,ataaactgcaaaaggctgaagag,TKWNLDT,RASTLWH,RKSTLVE,QRGNLKT,,
US_2018-0002379_A1,44672,aggatgaggatgaccagcatgtt,DRSNLLR,FLGNLRR,TQFNLER,MRANLRR,,
US_2018-0002379_A1,46694,aggatgaggatgaccagcatgttgttgc,WQANLLR,FASNLIR,TLWSLTR,TKQNLQR,,
US_2018-0002379_A1,46695,ataaactgcaaaaggctgaagagcatga,RKDNLTQ,RASTLWH,RKSTLND,QKGNLNQ,,
US_2018-0002379_A1,46699,ttatcaggatgaggatgaccagcatgtt,RKAHLVD,ARAGLWQ,RKANLYN,SQSGLCH,,
US_2018-0002379_A1,46701,ttatcaggatgaggatgaccagcatgtt,EKRGLLN,SGAGLWQ,RKAHLVD,ARAGLWQ,RKANLYN,SQSGLCH
US_2018-0002379_A1,46702,tgcaaaaggctgaagagcatgactgaca,AQSNLLR,RKPDLVR,RKDNLRD,QKINLNQ,,
US_2018-0002379_A1,46704,tgcaaaaggctgaagagcatgactgaca,TKQNLQT,TLFNLTR,AQSNLLR,RKPDLVR,RKDNLRD,QKINLNQ
US_2018-0002379_A1,NS,ataaactgcaaaaggctgaagagcatga,RKDNLRT,QKGNLNS,RKSTLND,QKGNLNQ,,
US_2018-0002379_A1,A,tcccgtcattgc,RKQCLQR,WPNSLKA,DQTNLRK,HKHHLSQ,,
US_2018-0002379_A1,P,cattgccgtctg,LKGNLIK,NEWHLNE,WANSLKY,DGSALIR,,
US_2018-0002379_A1,Q,cattgccgtctg,LKGNLLK,MKHHLTE,WPNSLKY,DRSALLR,,
US_2018-0002379_A1,R,cattgccgtctg,SKRSLTE,HKSHLAD,WPNSLKY,FNYMLRR,,
US_2018-0002379_A1,S,cattgccgtctg,DRTNLTK,SSWHLRE,SRNGLTY,DKSSLIR,,
US_2018-0002379_A1,T,cattgccgtctg,LNGNLKK,HKHHLMD,WYNSLRY,DKSSLLR,,
US_2018-0002379_A1,46711,tccacaggagtcagatgcaccatggtgt,TKWNLTQ,FKSNLTN,RKAHLVN,DRANLIH,,
US_2018-0002379_A1,46713,tccacaggagtcagatgcaccatggtgt,DRSNLRA,RKFTLTN,TKWNLTQ,FKSNLTN,RKAHLVN,DRANLIH
US_2018-0002379_A1,46710,agtctgccgttactgccctgtggggcaa,LKGNLLK,MKHHLTE,WPNSLKY,DRSALIR,,
US_2018-0002379_A1,49347,aagtctgccgttactgccctgtggggca,RKQCLQR,WPNSLKA,DRSNLTK,HKHHLTE,WPNSLKY,DRSALIR
US_2018-0002379_A1,AA,agtcagatgcac,DRSNLRA,RNSTLIE,RKDNLTQ,FKSNLTS,,
US_2018-0002379_A1,BB,agtcagatgcac,DQSNLTR,RKFTLTN,RKGNLKE,FHSNLIA,,
US_2018-0002379_A1,CC,agtcagatgcac,DRSNLRA,RKSTLRL,RKGNLNS,WKSNLTS,,
US_2018-0002379_A1,DD,agtcagatgcac,LKGNLRQ,RKSTLRL,RKANLRD,FHSNLIA,,
US_2018-0002379_A1,B,tcccgtcattgc,RRQCLQR,HKHHLSQ,DRSNLTK,HNHHLTQ,,
US_2018-0002379_A1,C,tcccgtcattgc,RRQCLRR,WPNSLKA,DRANLIK,HKHHLTE,,
US_2018-0002379_A1,D,tcccgtcattgc,RKQCLQR,WPNSLKA,DRTNLIK,MKHHLSS,,
US_2018-0002379_A1,E,tcccgtcattgc,RRQCLTR,WANSLRA,LKGNLKK,HKHHLTD,,
US_2018-0002379_A1,F,tcccgtcattgc,RKQDLQR,WPNSLRY,DRSNLLK,MKHHLKE,,
US_2018-0002379_A1,G,tcccgtcattgc,RRQCLQR,WPNSLKA,DRTNLLK,LNHHLTD,,
US_2018-0002379_A1,H,tcccgtcattgc,RNQCLQR,WPNSLKA,LRGNLNK,HKHHLTE,,
US_2018-0002379_A1,I,tcccgtcattgc,RKQCLQR,WPNSLKA,DRSNLTK,HKHHLTE,,
US_2018-0002379_A1,J,tcccgtcattgc,RKQCLQR,WANSLRY,DRANLLK,MKQHLTS,,
US_2018-0002379_A1,K,cattgccgtctg,DRTNLTS,SHHHLTE,WPNSLKY,DQSALIR,,
US_2018-0002379_A1,L,cattgccgtctg,LKGNLIK,SSWHLKE,WPNSLKY,WAYMLRR,,
US_2018-0002379_A1,M,cattgccgtctg,LKGNLTK,SRHHLTE,WHNSLKY,DRSALIR,,
US_2018-0002379_A1,N,cattgccgtctg,DRTNLTK,HKHHLVE,WKSSLKA,DKSSLIR,,
US_2018-0002379_A1,O,cattgccgtctg,DRSNLLK,MQHHLTE,WHNSLKY,DRSSLLR,,
US_2018-0002379_A1,EE,agtcagatgcac,DRSNLRH,RKFTLTN,RKGNLKD,MKHHLTD,,
US_2018-0002379_A1,FF,agtcagatgcac,DQSNLTR,RKFVLTN,TKWNLTQ,WKSNLTN,,
US_2018-0002379_A1,GG,agtcagatgcac,DRSNLRA,RNSTLIE,RKGNLKD,FKSNLTN,,
US_2018-0002379_A1,HH,agtcagatgcac,DRSNLRA,RKFTLTN,TKWNLTQ,FKSNLTN,,
US_2018-0002379_A1,II,agtcagatgcac,DRSNLRH,RKSTLRL,TKWNLTQ,FQSNLTN,,
US_2018-0002379_A1,JJ,agtcagatgcac,YKRSLVD,RKSTLIE,RKGNLKD,MKHHLTS,,
US_2018-0002379_A1,KK,cacaggagtcag,TKWNLTQ,FHSNLIA,RKDTLVT,DRSNLIA,,
US_2018-0002379_A1,LL,cacaggagtcag,RKANLND,WKHVLTN,RKDHLVD,HRSNLIH,,
US_2018-0002379_A1,MM,cacaggagtcag,TKWNLTQ,LNQHLTN,RKDHLVN,HQSNLIH,,
US_2018-0002379_A1,NN,cacaggagtcag,TKWNLTQ,WQSNLTE,RKAHLYN,DQANLRH,,
US_2018-0002379_A1,OO,cacaggagtcag,TKWNLTT,FKSNLTS,RKSHLVD,CKPNLLS,,
US_2018-0002379_A1,PP,cacaggagtcag,TKWNLTT,LNHHLTQ,RKSHLVD,LKGNLRQ,,
US_2018-0002379_A1,QQ,cacaggagtcag,TKWNLTQ,LKHHLTN,RKDHLVN,HRSNLIH,,
US_2018-0002379_A1,RR,cacaggagtcag,RKANLND,FQSNLTN,RKDHLVN,HQANLIH,,
US_2018-0187173_A1,47773,ggagtcaggtgcaccatggtgtctgttt,LRHHLTR,LKQNLDA,DQSNLRA,RNCARLR,RSDNLSE,RNQTRLN
US_2018-0187173_A1,47817,gtggagaagtctgccgttactgccctgt,HHHSLKR,DRSDLSR,TNSELDR,QSSNLAR,QSGHLSR,
US_2018-0187173_A1,33501,gtggagaagtctgccgttactgccctgt,TSGSLSR,DRSDLSR,DRSALAR,QSSNLAR,QSGHLSR,
US_2018-0216136_A1,30035,ccccactgtggggtggaggggacagata,RSDHLSR,TSGHLSR,YNWHLQR,RSDHLTT,HNYARDC,QNSTRIG
US_2018-0216136_A1,30054,actagggacaggattggtgacagaaaag,DRSNLSR,LKQHLTR,TSGNLTR,RRDWRRD,QSSHLTR,RLDNRTA
US_2018-0263228_A1,7269,cgccggatacggggag,RSDHLSE,RNDTRKT,QSSNLAR,RSDDRKT,,
US_2018-0263228_A1,7270,gccaactggatgtctt,DRSALSR,TSANLSR,RSDVLSE,QRNHRTT,,
US_2018-0326000_A1,14534,gtgctgcagttgagctggcaatcagggt,DDWNLSQ,RSANLTR,TSGSLSR,QSGDLTR,QSSDLRR,
US_2018-0326000_A1,14536,cccaagtgaatgaccagggtacctgccg,QSSHLTR,RSDNLRE,DRSNLSR,TSSNRKT,RSDSLSK,QSANRTT
US_2018-0326000_A1,14545,cagctgcccaacaggcatgacttccaca,QSGDLTR,RSDNLSE,ERANRNS,DRSDLSR,QSSDLRR,
US_2018-0326000_A1,14546,atgatctggaagcgggcatcctggacgg,DRSHLAR,RSDDLSR,QSANRTK,RSDTLSE,ANSNRIK,
US_2019-0167815_A1,75023,cacgccccggccccggccccggccccta,RSDTLSV,DTSTRTK,RSDTLSV,DTSTRTK,RSDTLSV,DTSTRTK
US_2019-0167815_A1,75027,cacgccccggccccggccccggccccta,RNADRIT,HRKSLSR,RNADRIT,HRKSLSR,RNADRIT,RNADRIT
US_2019-0167815_A1,75031,cacgccccggccccggccccggccccta,RSADRKT,HRKSLSR,RSADRKT,HRKSLSR,RSADRKT,HRKSLSR
US_2019-0167815_A1,75032,cacgccccggccccggccccggccccta,RSATLSE,HRKSLSR,RSATLSE,HRKSLSR,RSATLSE,HRKSLSR
US_2019-0167815_A1,75055,cacgccccggccccggccccggccccta,RSADRKT,DSSTRRR,RSADRKT,DSSTRRR,RSADRKT,DSSTRRR
US_2019-0167815_A1,75078,cacgccccggccccggccccggccccta,RSADLSE,HHRSLHR,RSADLSE,HHRSLHR,RSADLSE,HHRSLHR
US_2019-0167815_A1,75090,cacgccccggccccggccccggccccta,RSDHLSE,TSSDRTK,RSDHLSE,TSSDRTK,RSDHLSE,TSSDRTK
US_2019-0167815_A1,75105,cacgccccggccccggccccggccccta,DRSHLTR,DSSTRKT,DRSHLTR,DSSTRKT,DRSHLTR,DSSTRKT
US_2019-0167815_A1,75109,cacgccccggccccggccccggccccta,DKRDLAR,RSADRKT,DKRDLAR,RSADRKT,DKRDLAR,RSADRKT
US_2019-0167815_A1,75114,cacgccccggccccggccccggccccta,ERGTLAR,RSADRKT,ERGTLAR,RSADRKT,ERGTLAR,RSADRKT
US_2019-0167815_A1,75115,cacgccccggccccggccccggccccta,ERRDLRR,RSADRKT,ERRDLRR,RSADRKT,ERRDLRR,RSADRKT
US_2019-0167815_A1,74969,taggggccggggccggggccggggcgtg,RSDHLSE,DRSHLAR,RSDHLSE,DRSHLAR,RSDHLSE,DRSHLAR
US_2019-0167815_A1,74971,taggggccggggccggggccggggcgtg,RSDHLSQ,DNSHRTR,RSDHLSQ,DNSHRTR,RSDHLSQ,DNSHRTR
US_2019-0167815_A1,74973,taggggccggggccggggccggggcgtg,RNGHLLD,DRSHLAR,RNGHLLD,DRSHLAR,RNGHLLD,DRSHLAR
US_2019-0167815_A1,74978,taggggccggggccggggccggggcgtg,RNGHLLD,DNSHRTR,RNGHLLD,DNSHRTR,RNGHLLD,DNSHRTR
US_2019-0167815_A1,74979,taggggccggggccggggccggggcgtg,RSAHLSE,DNSHRTR,RSAHLSE,DNSHRTR,RSAHLSE,DNSHRTR
US_2019-0167815_A1,74983,taggggccggggccggggccggggcgtg,RSAHLSR,DRSDLSR,RSAHLSR,DRSDLSR,RSAHLSR,DRSDLSR
US_2019-0167815_A1,74984,taggggccggggccggggccggggcgtg,RSDHLSR,DWTTRRR,RSDHLSR,DWTTRRR,RSDHLSR,DWTTRRR
US_2019-0167815_A1,74986,taggggccggggccggggccggggcgtg,RSAHLSR,HRKSLSR,RSAHLSR,HRKSLSR,RSAHLSR,HRKSLSR
US_2019-0167815_A1,74987,taggggccggggccggggccggggcgtg,RSAHLSR,DSSDRKK,RSAHLSR,DSSDRKK,RSAHLSR,DSSDRKK
US_2019-0167815_A1,74988,taggggccggggccggggccggggcgtg,RSAHLSR,DSSTRRR,RSAHLSR,DSSTRRR,RSAHLSR,DSSTRRR
US_2019-0167815_A1,74997,taggggccggggccggggccggggcgtg,RSAHLSR,RSDDRKT,RSAHLSR,RSDDRKT,RSAHLSR,RSDDRKT
US_2019-0167815_A1,74998,taggggccggggccggggccggggcgtg,RSAHLSR,RSADRKT,RSAHLSR,RSADRKT,RSAHLSR,RSADRKT
US_2019-0167815_A1,75001,taggggccggggccggggccggggcgtg,RSAHLSR,RNADRIT,RSAHLSR,RNADRIT,RSAHLSR,RNADRIT
US_2019-0167815_A1,75003,taggggccggggccggggccggggcgtg,RSAHLSR,RRATLLD,RSAHLSR,RRATLLD,RSAHLSR,RRATLLD
US_2019-0167815_A1,74949,taggggccggggccggggccggggcgtg,,RSTHLVR,DRSDLSR,RSTHLVR,DRSDLSR,RSTHLVR
US_2019-0167815_A1,74951,taggggccggggccggggccggggcgtg,DRSDLSR,RSAHLSR,DRSDLSR,RSAHLSR,DRSDLSR,RSAHLSR
US_2019-0167815_A1,74954,taggggccggggccggggccggggcgtg,ERGDLKR,RSAHLSR,ERGDLKR,RSAHLSR,ERGDLKR,RSAHLSR
US_2019-0167815_A1,74955,taggggccggggccggggccggggcgtg,ERGTLAR,RSAHLSR,ERGTLAR,RSAHLSR,ERGTLAR,RSAHLSR
US_2019-0167815_A1,74964,taggggccggggccggggccggggcgtg,RSADLSE,RSAHLSR,RSADLSE,RSAHLSR,RSADLSE,RSAHLSR
US_2019-0218560_A1,35393,cctatccattgcactatgctttatttaa,QSSDLSR,LRHNLRA,DQSNLRA,RPYTLRL,QSSDLSR,HRSNLNK
US_2019-0218560_A1,35394,cctatccattgcactatgctttatttaa,QSSDLSR,HRSNLNK,DQSNLRA,RPYTLRL,QSSDLSR,HRSNLNK
US_2019-0218560_A1,35396,cctatccattgcactatgctttatttaa,QSSDLSR,LKWNLRT,DQSNLRA,RPYTLRL,QSSDLSR,HRSNLNK
US_2019-0218560_A1,36813,ttagggacagttatgaattcaatcttca,QSGNLAR,HLGNLKT,LKHHLTD,DRSNLSR,RLDNRTA,
US_2019-0218560_A1,36808,ttagggacagttatgaattcaatcttca,QSGNLAR,LMQNRNQ,LKHHLTD,DRSNLSR,RSDHLTT,
US_2019-0218560_A1,36820,ttagggacagttatgaattcaatcttca,QRSNLVR,LRMNLTK,LKHHLTD,DRSNLSR,RSDHLTT,
US_2019-0218560_A1,36819,ttagggacagttatgaattcaatcttca,QRSNLVR,LRMNLTK,LKHHLTD,DRSNLSR,RSDHLTQ,
US_2019-0218560_A1,36806,ttagggacagttatgaattcaatcttca,QSGNLAR,LMQNRNQ,LKHHLTD,DRSNLSR,RSDHLTQ,
US_2019-0218560_A1,33115,agtattcgtttgctccaaaatatttgcc,QRSNLDS,QSSDLSR,YHWYLKK,RSDDLSV,TSSNRTK,
US_2019-0218560_A1,34077,aagtcatgtggagagaaacacaaagagt,QSGNLAR,QYTHLVA,RSDHLST,RSDARTT,DRSALAR,
US_2019-0218560_A1,30724,ctgaaggtggcaatggttcctctctgct,TSGSLTR,RSDALST,QSATRTK,TSGHLSR,QSGNLAR,
US_2019-0218560_A1,30725,tttcctgtaacgatcgggaactggcatc,RSDHLSA,TKSNRTK,DRSNLSR,WRSSLRA,DSSDRKK,
US_2019-0218560_A1,30732,aagatgccagttcccgatcgttacagga,TSGNLTR,DRSTRRQ,TSGSLTR,ERGTLAR,TSANLSR,
US_2019-0218560_A1,30733,agggagtagcttaggtcagtgaagagaa,DRSALAR,RSDHLSE,HRSDRTR,QSGALAR,QSGHLSR,
US_2019-0218560_A1,30759,acgtagagaacaacatctagattggtgg,RSDNLST,DRSALAR,DRSNLSR,DGRNLRH,RSDNLAR,QSNALNR
US_2019-0218560_A1,30761,ctgtaatagaaactgacttacgtagctt,DRSNLSR,LKQVLVR,QSGNLAR,QSTPLFA,QSGALAR,
US_2019-0218560_A1,30760,acgtagagaacaacatctagattggtgg,DRSNLSR,DGRNLRH,RSDNLAR,QSNALNR,,
US_2019-0218560_A1,30767,agggaatgtgaaatgattcagatatata,RSDNLSV,HSNARKT,RSDSLSA,QSGNLAR,RSDSLSV,QSGHLSR
US_2019-0218560_A1,30768,ccatggcctaacaacagtttatcttctt,RSDNLSE,ERANRNS,QSANRTK,ERGTLAR,RSDALTQ,
US_2019-0218560_A1,30769,ccatggcctaacaacagtttatcttctt,TSGSLTR,DRSNLSR,DGRNLRH,ERGTLAR,RSDALTQ,
US_2019-0218560_A1,30872,cttggctgtgtaggaggggagtagcagt,QSGHLAR,RSDHLTQ,RSDHLSQ,WRSSLVA,RSDVLSE,RNQHRKT
US_2019-0218560_A1,30873,ttcctaagttggcagtggcatgcttaat,QSGDLTR,RSDALAR,QSGDLTR,RRDPLIN,RSDNLSV,IRSTLRD
US_2019-0218560_A1,30876,ctttggctttgaggattaagcatgccac,RSDNLSV,YSSTRNS,RSDHLSA,SYWSRTV,QSSDLSR,RTDALRG
US_2019-0218560_A1,30877,acttggctccaagatttatagccttaaa,RSDNLST,QKSPLNT,TSGNLTR,QAENLKS,QSSDLSR,RTDALRG
US_2019-0218560_A1,30882,caggaaagtaagataggaaggaatgtga,RSDNLSV,RRAHLNQ,TSGNLTR,SDTNRFK,RSDNLST,QSGHLSR
US_2019-0218560_A1,30883,ctggggtaaatgtctccttgctcttctt,DSSDRKK,DRSALSR,TSSNRKT,QSGALAR,RSDHLSR,
US_2019-0218560_A1,35370,tttgggatagttatgaattcaatcttca,QSGNLAR,LMQNRNQ,LKQHLNE,TSGNLTR,RRDWRRD,
US_2019-0218560_A1,35379,tttgggatagttatgaattcaatcttca,QRSNLVR,TSSNRKT,LKHHLTD,TSGNLTR,RRDWRRD,
US_2019-0218560_A1,35458,cctgtgctgttgatctcataaatagaac,DKSYLRP,TSGNLTR,HRSARKR,QSSDLSR,NRHHLKS,
US_2019-0218560_A1,35480,cctgtgctgttgatctcataaatagaac,TSGNLTR,HRSARKR,QSGDLTR,NRHHLKS,,
US_2019-0218560_A1,35426,ttgtggtttttaaataaagcatagtgca,QSGDLTR,QSGNLHV,QSAHRKN,STAALSY,TSGSLSR,RSDALAR
US_2019-0218560_A1,35428,ttgtggtttttaaataaagcatagtgca,QSGDLTR,QRSNLNI,QSAHRKN,STAALSY,DRSALSR,RSDALAR
US_2019-0218560_A1,35405,cctatccattgcactatgctttatttaa,QSSDLSR,WKWNLRA,DQSNLRA,RPYTLRL,QSSDLSR,HRSNLNK
US_2019-0218560_A1,35361,tttgggatagttatgaattcaatcttca,QSGNLAR,LMQNRNQ,LKQHLNE,TSGNLTR,RRYYLRL,
US_2019-0218560_A1,35364,tttgggatagttatgaattcaatcttca,QSGNLAR,HLGNLKT,LKQHLNE,TSGNLTR,RRDWRRD,
US_2019-0224246_A1,35405,cctatccattgcactatgctttatttaa,QSSDLSR,DQSNLRA,RPYTLRL,QSSDLSR,HRSNLNK,WKWNLRA
US_2019-0224246_A1,35361,tttgggatagttatgaattcaatcttca,QSGNLAR,LKQHLNE,TSGNLTR,RRYYLRL,,
US_2019-0224246_A1,35370,tttgggatagttatgaattcaatcttca,QSGNLAR,LKQHLNE,TSGNLTR,RRDWRRD,,
US_2019-0224246_A1,35458,cctgtgctgttgatctcataaatagaac,DKSYLRP,TSGNLTR,HRSARKR,QSSDLSR,WRSSLKT,
US_2019-0224246_A1,34931,accaagaagacagactaaaatgaaaata,QRTHLTQ,DRSNLTR,QSGNLAR,QKVNRAG,,
US_2019-0224246_A1,33940,ctgttgatagacactaaaagagtattag,RSDNLSV,QNANRIT,DQSNLRA,QSAHRIT,TSGNLTR,HRSARKR
US_2019-0262473_A1,55629,ttacaatcatgtgggcagaattgaaaag,QSGNLAR,QSGDLTR,RSDHLSQ,QSNGLTQ,TRTVLMN,QNATRIN
US_2019-0262473_A1,57618,gccagtggcaggcaccagatctctgtac,TSGNLTR,QSNDLNS,YQGVLTR,RTDNLES,RSDHLSQ,RRDNRDT
US_2019-0262473_A1,57718,ttacaatcatgtgggcagaattgaaaag,LQSNLNR,QSGDLTR,RSDHLSQ,RKDALPT,TTTVLRN,QNATRIN
US_2019-0262473_A1,57629,gccagtggcaggcaccagatctctgtac,TSGNLTR,QSNDLNS,YQGVLTR,RLDNLHP,RSDHLSQ,RRDNRDT
US_2019-0345208_A1,42906,tttgggatagttatgaattcaatcttca,QSGNLAR,LKQNLCM,WADNLQN,TSGNLTR,RQSHLCL,
US_2019-0345208_A1,43043,cctatccattgcactatgctttatttaa,TPQLLDR,LKWNLRT,DQSNLRA,RNFSLTM,LRHDLDR,HRSNLNK
US_2019-0365924_A1,56691,gtcaacaggtgtactgcaggcatgctag,DRSHLTR,QSGDLTR,DRSNRTT,RSDALAR,RSDNLSE,ERANRNS
US_2019-0365924_A1,56690,ccctgggttatgctgtgatcttgtgtca,DRSALSR,TSGSLTR,QSSDLSR,WRKSLKV,DRSHLTR,RLDWLPM
US_2020-0069735_A1,57511,gaagaatggagagagaattgaaaaagtg,DQSLLRT,QSGNLAR,HRLGLRD,RSANLTR,RSDVLST,QNAHRIK
US_2020-0069735_A1,57509,gaagaatggagagagaattgaaaaagtg,DQSLLRT,QSGNLAR,QSAHRKN,RSANLTR,RSDVLST,QNAHRIK
US_2020-0069735_A1,57482,catccgacattgaagttgacttactgaa,DRSNLSR,FPGSRTR,QSGNLAR,HKLSLSI,DRSNLSR,DSSDRKK
US_2020-0069735_A1,57347,gaagaatggagagagaattgaaaaagtg,DQSLLRT,QSGNLAR,QNAHRKT,RSANLTR,RSDVLST,QNAHRIK
US_2020-0069735_A1,57296,ctgaagaatggagagagaattgaaaaag,RSANLTR,QSAHRKN,RHSHLTS,QSGNLAR,QSNQLAV,
US_2020-0069735_A1,57322,aaaaagtggagcattcagacttgtcttt,DRSNLSR,QSADRTK,TNQNRIT,RSANLTR,RSDSLSV,QNANRKT
US_2020-0069735_A1,57323,aaaaagtggagcattcagacttgtcttt,DRSNLSR,QSADRTK,LKQNLDA,RSANLTR,RSDSLSV,QNANRKT
US_2020-0069735_A1,57447,ctgaagaatggagagagaattgaaaaag,RSANLTR,QSAHRKN,RHSHLTS,QSGNLAR,QRGNLWT,
US_2020-0069735_A1,57017,tgtcggatggatgaaacccagacacata,RSDNLSE,ASKTRTN,QSGNLAR,TSGNLTR,TSGNLTR,RIQDLNK
US_2020-0069735_A1,57328,tagcaattcaggaaatttgactttccat,TNQSLHW,QSGNLAR,RSDNLRE,ASHVLNA,QNATRTK,
US_2020-0069735_A1,57469,tgtcggatggatgaaacccagacacata,RSDNLSE,ASKTRTN,YTSSLCY,QSGHLSR,TSGNLTR,RIQDLNK
US_2020-0069735_A1,57331,tgtcggatggatgaaacccagacacata,RSDNLSE,ASKTRKN,QSGNLAR,TSANLSR,TSGNLTR,RIQDLNK
US_2020-0069735_A1,57326,tagcaattcaggaaatttgactttccat,DRSNLSR,ARWYLDK,QSGNLAR,AKWNLDA,TTPVLVQ,QNATRTK
US_2020-0069735_A1,58822,catccgacattgaagttgacttactgaa,DRSNLSR,FPGSRTR,QSGNLAR,WRISLAA,DRSNLSR,DSSDRKK
US_2020-0109406_A1,52364,cgacagaaggcgaggacagaagaggaca,RSDNLAR,DRSHLAR,QSGNLAR,QSNTRIM,,
US_2020-0109406_A1,52322,gtggcggagactgagagcgcgcgcggcc,RSANLTR,DSSHLEL,DRSNLTR,DRSHLTR,DRSHLAR,
US_2020-0109406_A1,52335,gcggcgctgctgctggtgctggagctgg,TSGHLSR,QSSDLSR,HRSTRNR,QSSDLSR,DRSHLAR,
US_2020-0109406_A1,52374,tcagagctgcggcgcttacctgataatc,RSADLTR,RSDDLTR,QSSDLSR,QSTHRNA,,
US_2020-0109406_A1,52244,attccgtggcgcacgcgcacccggcctc,RSADLSR,DQSNLRA,RRSDLKR,RSDSLSR,DRSDRTK,
US_2020-0109406_A1,52345,cggcggcagaaggtgggcggtggcggcg,RSAHLSR,TSGHLSR,QSGNLAR,QSGDLTR,RSDDLTR,
US_2020-0109406_A1,52210,ccccaagtgctacaggctccccgagtct,YNKDLVK,DRSHLAR,QSGDLTR,LKDTLRR,LRHHLTR,DRSTLRQ
US_2020-0109406_A1,52331,ctgctgctggtgctggagctggtgggtg,QSSDLSR,QHGSLSR,QSSDLSR,WHSSLHQ,QSSDLSR,HRSTRNR
US_2020-0109406_A1,52333,cagcaccagcagcagcgccgccgccacc,RSADLTR,QSGDLTR,QSGDLTR,QSGTRLE,QSGNLAR,
US_2020-0109406_A1,52313,cgccggcctccagaacgcgctttctcgg,QSSDLSR,FRYYLKR,QSGNLAR,QRIDLTR,DRSTRTK,RRDTLLD
US_2020-0109406_A1,52373,ggtaagcgccgcagctctgaaatccagt,QSGNLAR,LAYDRRK,RSDNLSA,RNNDRKT,RSADLTR,QSANRTK
US_2020-0231989_A1,31523,tttcctgtaacgatcgggaactggcatc,RSDNLSE,QSGNLAR,DRSNLSR,WRSSLRA,DSSDRKK,
US_2020-0231989_A1,48641,ctgaaggtggcaatggttcctctctgct,TSGSLTR,RSDALST,QSATRTK,LRHHLTR,QAGQRRV,
US_2020-0231989_A1,34306,tgcacaggggctgaagttgtcccacagg,TSGSLSR,QSGNLAR,QSSDLSR,RSDHLSQ,DNSNRIN,
US_2020-0231989_A1,34303,tggccaggaggctggttgcaaacatttt,QSGDLTR,TSGSLTR,RSDVLSE,RNQHRKT,RSAHLSR,DRSDLSR
US_2020-0291424_A1,158,atggctttatgg,RSDHLSQ,TSSARTN,QSSDLSR,RSDALTQ,,
US_2020-0291424_A1,164,gccttggatttc,TNLPLNN,TSSNLSR,RSDSLSA,DRSDLSR,,
US_2020-0291424_A1,2902,acccggacctcag,RSDHLSE,TSSTRKT,RSDHLSE,TSSDRTK,,
US_2020-0291424_A1,2909,gcttcggcaggct,QSSDLSR,RSDNLRE,RSDDLSK,QSSDLRR,,
US_2020-0291424_A1,162,gatgaggatgac,DRSNLSR,TSANLSR,RSDNLAR,TSANLSR,,
US_2020-0291424_A1,168,aaactgcaaaag,RSDHLSE,QNANRIT,RSDVLSE,QRNHRTT,,
US_2020-0291424_A1,627,gacaagcagcgg,RSAHLSE,RSANLSE,RSANLSV,DRANLSR,,
US_2020-0291424_A1,533,catctgctactcg,RSDSLSK,DNSNRIK,RSAVLSE,TNSNRIT,,
US_2020-0297762_A1,36,gaagtctgccgt,TSSSLSR,DRSDLSR,DRSALSR,QSGNLAR,,
US_2020-0297762_A1,29,acgtagactgagg,QSGDLTR,TSANLSR,DRSALSR,QSGHLSR,,
US_2021-0130828_A1,5969,gtaaagttataaccaagt,LRHHLTR,DRSTLRQ,QSANRTK,DNSYLPR,RSDNLSV,QKATRIN
US_2021-0130828_A1,5973,tacctagaacagtgag,RSDNLAR,LRQHLRA,QSGNLAR,QSTPRTT,DRSNRIK,
US_2021-0222151_A1,61035,ccaatagggataggtatgagatattcac,RSDNLAR,TSSNRKT,RSDNLSE,TSANLSR,RSDHLSQ,ASSNRIT
US_2021-0222151_A1,61041,ccaatagggataggtatgagatattcac,LKQNLDA,RSHHLKA,TSSNLSR,RSDHLSQ,ASSNRIT,
US_2021-0222151_A1,61034,ccccagttgtaattgtgaatatctcata,RSASLLR,HSNARKT,QSGSLTR,TSGSLSR,QKGTLMS,
US_2021-0222151_A1,61027,tagggataggtatgagatattcacaatt,TSSNRKT,QSAHRIT,RSDTLSQ,TSGHLSR,SLNSRYQ,RSAHLSR
US_2021-0222151_A1,61024,attacaactggggccaggtgcggtggct,RSDALSV,DSSHRTR,RSDHLST,DRSNRKT,DRSNRIK,
US_2021-0222151_A1,61028,tggccccagttgtaattgtgaatatctc,HSNARKT,QSGSLTR,TSGSLSR,QKGTLMS,DRSTRTK,
US_2021-0348143_A1,45796,atggctgaaaagcgatacagggctggct,RSDNLSE,TRSPLRN,RSDDLTR,QKSNLSS,QSAHRKN,DSSHRTR
US_2021-0348143_A1,45795,tcactacagataactcccaagtcctgtc,DSSDRKK,DRSNRTT,TNSNRKR,QSGDLTR,LKDTLRR,
US_2021-0348143_A1,45802,cataagtaagagcagatagctgattcca,GYCCLRD,TSGNLTR,QSGDLTR,QRTHLKA,QSGALAR,QSANRTK
US_2021-0348143_A1,45800,cacctggggcatagagccagccctgtat,DSSDRKK,QNAHRKT,QSGDLTR,RSDHLSR,QQWDRKQ,
US_2021-0348143_A1,45812,tccatacaggtaataacataggccagaa,RSDYLSK,TSSVRTT,TNQNLTV,TSGHLSR,RSADLTR,TNQNRIT
US_2021-0348143_A1,45813,actttgcactggaatcagctatctgctc,QSGALAR,RLDWLPM,QSGDLTR,HKWVLRQ,,
US_2021-0348143_A1,45816,aagtaagagcagatagctgattccagtg,GYCCLRD,TSGNLTR,QSGDLTR,QRTHLKA,QSGALAR,
US_2021-0348143_A1,45815,cacacctggggcatagagccagccctgt,DSSDRKK,QNAHRKT,LKQNLDA,RSAHLSR,RSDVLST,DTRNLRA
US_2021-0348143_A1,45844,tcacaggctccaggaagggtttggcctc,LRHHLTR,RRDNLHS,RSDHLSN,DSRSRIN,DRSHLTR,QSGTRKT
US_2021-0348143_A1,45843,aagcaactgttagcttgcactagactag,DQSNLRA,RPYTLRL,TGYNLTN,TSGSLTR,QHQVLVR,QNATRTK
US_2021-0348143_A1,45849,cacaggctccaggaagggtttggcctct,TSGSLSR,RSDHLTQ,QSGHLAR,QKGTLGE,QSSDLSR,RRDNLHS
US_2021-0348143_A1,45848,aaagcaactgttagcttgcactagacta,DQSNLRA,RPYTLRL,TGYNLTN,TSGSLTR,DQSNLRA,AQCCLFH
US_2021-0348143_A1,45872,gtgggggcgtgggtggggtagaagagga,QSGALAR,RSDHLSR,TSGHLSR,RSDALAR,DRSHLTR,RSDHLSR
US_2021-0348143_A1,45871,ctaatcagaggccaaacccttcctggag,QSNDLSN,RSHHLKA,RSDNLSE,TSSNRKT,,
US_2021-0348143_A1,45881,tggccgtttgcccaggggggcctctttc,DRSHLTR,RSDHLSR,RSDNLSE,ASKTRKN,TSGSLSR,QWKSRAR
US_2021-0348143_A1,45880,cgatggagaggtctgccagtcctcttct,DRSALSR,QSGDLTR,RSDVLSE,TSGHLSR,RSANLAR,RSDALTQ
US_2021-0348143_A1,45889,ttgcccaggggggcctctttcggaaggc,DRSHLTR,RSDHLSR,RSDNLSE,ASKTRKN,,
US_2021-0348143_A1,45888,ccaccgatggagaggtctgccagtcctc,DRSALSR,RSDNLTR,QSGHLSR,TSGNLTR,DLTTLRK,
US_2021-0348143_A1,46247,ccgtctacatagaggcccttcctgcttg,RSDNLAR,QSTPRNT,WPDYLPT,DRSALAR,,
US_2021-0348143_A1,46156,tggcctgggacattcattatttagccac,TSSNRKT,AACNRNA,WKCQLPI,DRSNLTR,RSDHLSQ,DSSTRKK
US_2021-0348143_A1,46158,tctaggaagggaagtgggtatggggcag,QSGALAR,RKYYLAK,RSDNLSV,RSAHLSR,QSGNLAR,ARWSLGK
US_2021-0348143_A1,46163,tagaattggcctgggacattcattattt,WKCQLPI,DRSNLTR,RSDHLSQ,DSSTRKK,RPYTLRL,QSGNLAR
US_2021-0348143_A1,46164,gaagggaagtgggtatggggcagcccat,RSAHLSR,RSDALTQ,TSGHLSR,RSDALAR,QSGNLAR,RQEHRVA
US_2021-0348143_A1,46180,tcatcctggtaccaggaaggcaatgggc,DRSHLTR,QSGNLAR,RSDSLSA,DNSNRIK,RSDVLSE,SPSSRRT
US_2021-0348143_A1,46181,gcaatgcttggaggctgtgagctcccca,RSDNLAR,WQSSLIV,DRSHLTR,QSGHLSR,QSSDLSR,LKWNLRT
US_2021-0348143_A1,46188,cctgagaaggtggggagctcacagcctc,PCRYRLD,RSANLTR,RSDHLSR,TSGHLSR,QSGNLAR,QKPWRTP
US_2021-0348143_A1,46189,acaccctgtgatcttgtgggacccctct,QSSHLTR,RSDALAR,YRSSLKE,TSGNLTR,RSDTLSA,DKSTRTK
US_2021-0348143_A1,46208,gggctggacagaggggtcccacaagatc,DRSALAR,RSDHLSR,QGAHLGA,QSSHLTR,QSSDLTR,
US_2021-0348143_A1,46209,gcctgggtgtgcatcttgtgtgcttggt,RSDSLLR,SASARWW,TQSNLRM,RNASRTR,DRSHLTR,RLDWLPM
US_2021-0348143_A1,46216,caggctgggctggacagaggggtcccac,RSDHLSR,QGAHLGA,QSSHLTR,QSSDLTR,RSDHLSQ,DSSHRTR
US_2021-0348143_A1,46217,gtgtgcatcttgtgtgcttggtcggcac,RSDHLSQ,RRSDLKR,RSDSLLR,SASARWW,TQSNLRM,RNASRTR
US_2021-0348143_A1,46226,gtgccgaccaagcacacaagatgcacac,RSDNLST,DNSNRIN,QSGDLTR,QSGNLHV,DRSDLSR,DSSTRRR
US_2021-0348143_A1,46228,ataggggtcgcggtagggagttgtcggc,LKQNLDA,RSAHLSR,QSGALAR,RSDDLTR,LKQNLDA,RSHHLKA
US_2021-0348143_A1,46229,cctatcagtgccgaccaagcacacaaga,QSGDLTR,QSGNLHV,DRSDLSR,DSSTRRR,RSDNLSE,TSSNRKT
US_2021-0348143_A1,46230,tcgcggtagggagttgtcggcacacact,DRSHLSR,DRSALAR,TSGSLSR,QAGHLAK,QSGALAR,RSDDLTR
US_2021-0348143_A1,46240,ctcacaggacatgcagcagtgtgtgccg,RSDSLSV,QSGDLTR,QSGDLTR,TSHNRNA,RSDHLSQ,DNSNRIN
US_2021-0348143_A1,46241,tccccaaggctgtgcccagccttcagtg,DRSNLSS,RSHSLLR,QSSDLSR,RSDNLSV,DNRDRIK,
US_2021-0348143_A1,46246,gtgtggctccttaaggtgacccagcagc,ASKTRTN,RNASRTR,RSDNLSV,YSSTRNS,QSSDLSR,RSDALAR
US_2022-0064237_A1,45643,agcagcagcagcagcagcagcagcagca,QSGDLTR,QSGDLTR,QSGDLTR,KHGNLSE,KRCNLRC,
US_2022-0064237_A1,46025,agcagcagcagcagcagcagcagcagca,CPSHLTR,QSGDLTR,KHGNLSE,KRCNLRC,RQFNRHQ,
US_2022-0064237_A1,45294,cagcagcagcagcagcagcagcagcagc,CPSHLTR,QSGDLTR,CPSHLTR,QSGDLTR,QSGDLTR,
US_2022-0064237_A1,45723,agcagcagcagcagcagcagcagcagca,SPEQLSR,QWSTRKR,KQGNLVE,KRCNLRC,,
US_2022-0064237_A1,33074,cagcagcagcagcagcagcag,RSDNLSE,KRCNLRC,QSGDLTR,QSGDLTR,RSDNLSE,KRCNLRC
US_2022-0315932_A1,53885,cctgtcagtgattgggttccgaatcctc,RSDTLSQ,TSGSLTR,RSDHLST,TSSNRTK,RSDNLSE,WHSSLRV
US_2022-0324928_A1,82090,atccgagatagggacgaggag,QSGHLAR,QRKDLTQ,RSDHLSR,TRDGLRQ,RSANLAR,DSSDRKK
US_2022-0324928_A1,82092,ccgagatagggacgaggagc,RSDNLST,RSDNLTR,DRSDLSR,RREHLRA,TSGNLTR,QRSHLSD
US_2022-0324928_A1,82107,cagggaaagcagcgagcgccg,ERGTLAR,MACCRYA,RSADLTR,QSGDLTR,QSGNLAR,RQEHRVA
US_2022-0324928_A1,82136,ggacggcgacgaccagaagg,RSDNLSV,ASWTLTQ,DRSDLSR,DRSNLTR,DRSHLTR,DRSNLTR
US_2022-0324928_A1,82144,agagggggcgagcgaccgag,QRNHRTT,DRSNLTR,MSCCRSA,RSADLSR,RSAHLSR,TSANLSR
US_2022-0324928_A1,82148,cgcgacgcggaagtgaggtg,LRHHLTR,VAEYRYK,RSDNLSV,RHSHLTS,RSDTLSA,RSADLSR
US_2022-0324928_A1,82150,cgtcgcggcgctcggtcgctc,QSSDLSR,DRSALAR,DRSYRNT,RRSDLKR,RSADLTR,DRSALAR
US_2022-0324928_A1,82158,ctgcgctgcagcccgcacgca,DSSTRKT,QSATRTK,ERGTLAR,QSGDLTR,QSSDLSR,AASNRSK
US_2022-0324928_A1,82190,cgctcacgagggtggaaagg,RSDNLST,QSGHLSR,DAHHLHR,RSANLTR,DRSNRTT,HRSSLRR
US_2022-0324928_A1,82195,attcgacgacaggttagcgg,RSDDLTR,QKFPRDS,RSDHLTQ,DSANLSR,DRSNLSR,DRTSLKW
US_2022-0324928_A1,82197,cgtcgaatggccactcccagt,RSDNLSQ,ASNDRKK,YDYGRYT,DRSHLAR,QSGNLAR,DRSALAR
US_2022-0324928_A1,82208,ggccgctgtgagccggcgacg,DRSNLSR,HLCCLGR,RSCCLHL,RNASRTR,QSSDLSR,HRKSLSR
US_2022-0324928_A1,82215,aggcggcacccgggggggact,DRSNLSR,DRSHLAR,RSDHLSE,TSSDRTK,DRSHLSR,DRSHLAR
US_2022-0324928_A1,82110,gaaagcagcgagcgccggga,RSAHLSR,DRSDLSR,MSCCRSA,RSADLSR,QSGDLTR,QRSNLNI
US_2022-0324928_A1,82135,ggaggacggcgacgaccagaa,QNAHRKT,DNSTRIK,DRSNLSR,HLCCLGR,DRSNLSR,TSANLSR
US_2022-0324928_A1,85219,gtacctgtggatctaaacggg,RSDHLSE,QSNHRKT,VYEGLKK,QSGHLSR,RSDVLSE,DRSNRIK
US_2022-0324928_A1,82225,gagcgcacaggaagggcggag,DRSHLTR,DRSHLAR,QSGNLAR,AKWNLDA,QSGDLTR,TQGYLRK
US_2022-0324928_A1,82242,ggcggggaggagtcggagttg,TSGSLSR,QAGHLAK,DRSARTR,QSGHLSR,RSAHLSR,QSSDLRR
US_2022-0324928_A1,82294,ggtcgtgggcaccgggagggg,RSDHLSR,QHAHRNT,RPDTLRD,QNATRTK,RSDALSR,DRSALAR
US_2022-0324928_A1,82329,ggctgcttctccgggatccgc,NNRDLIN,TSSNLSR,RSDTLSE,NNRDRTK,QSSDLSR,HRSTRNR
US_2023-0002459_A1,81057,aggttacctaacggagcgagga,RSDNLAR,DDSHRKD,RSDHLSE,QSANRTK,DNHDLIR,TSGSLTR
US_2023-0002459_A1,81078,tgggtactggatcagtcttcca,TPSYLPT,DRSALAR,ERQTLIK,QSGHLSR,ARSTRIT,LRHHLTR
US_2023-0002459_A1,81084,tagttgctgagcgtcgtcaggga,RSDHLSA,DRSALAR,HKQHRDA,RSANLTR,QSSDLSR,YKWTLRN
US_2023-0002459_A1,81093,cagcactccctgacgacgctca,QESDLVR,DRSNLTR,DRSNLSR,HNSSLKD,DSSTRKT,QSATRTK
US_2023-0002459_A1,81125,cgagagacgcggcgcggccattg,SNQNLTT,DRSHLAR,RSADLTR,RSDDLTR,DRSNLSR,WKESLGA
US_2023-0002459_A1,81127,ccgcgtctctcgcgggggggtgg,LRHHLTR,RKYYLAK,RSDHLSE,RNRDRIT,QQSDLRV,RSADLSR
US_2023-0002459_A1,81162,cgggagtggaaaggggcggggca,RSAHLSR,QSSDLRR,RSDNLSN,TSSSRIN,RSDSLLR,QRCHLTK
US_2023-0002459_A1,81171,cccgcgttgtcggatcagcagac,RSDNLSE,KRCNLRC,DRSHLTR,DRSALAR,TSGSLSR,NSRNLRN
US_2023-0002459_A1,81174,acgcgggggagccgggagtgga,RSDSLLR,QRCHLTK,RSDTLSQ,HNSHRTK,RSDHLSR,QSSDLRR
US_2023-0002459_A1,81180,ccgacaacgcgggggagccggg,RSDTLSQ,HNSHRTK,RSDHLSR,QSSDLRR,IDHGRYR,DRSNLTR
US_2023-0002459_A1,81185,agaccgattctgggcgctgcgtc,RSDDLTR,QSSDLRR,DRSHLTR,RLDWLPM,TSGNLTR,DLTTLRK
US_2023-0002459_A1,81187,gcccagaatcggtctgctgatcc,RSDDLTR,QSSDLRR,DRSHLTR,RLDWLPM,TSGNLTR,DLTTLRK
US_2023-0002459_A1,81189,tgggcgctgcgtcgcatcggtg,RSDHLST,TNSNRIT,QSGDLTR,RRADLSR,QSSDLSR,DRSHLAR
US_2023-0002459_A1,81193,gcgtcgcatcggtggcaggtaa,LRHHLTR,QSGTRKT,RSDVLSK,RSDDRIK,QSGDLTR,DTGARLK
US_2023-0002459_A1,81195,gcgacgcagcgcccagaatcgg,DRSALAR,MACCRYA,DRSDLSR,RRTDLRR,SEADRSR,DRSNLTR
US_2023-0002459_A1,81199,gatgcgacgcagcgcccagaatc,DRSALAR,MACCRYA,DRSDLSR,RRTDLRR,SEADRSR,DRSNLTR
US_2023-0002459_A1,81200,gatgcgacgcagcgcccagaatc,QSGNLAR,QRIDLTR,RSADLTR,QSGDLTR,DRSNLSR,VAEYRYK
US_2023-0002459_A1,81201,catcggtggcaggtaagcgggc,QSGNLAR,QRIDLTR,RSADLTR,QSGDLTR,DRSNLSR,VAEYRYK
US_2023-0002459_A1,81208,ggtaagcgggctgctgaagccag,RSDHLSE,YSWRLSQ,LRHHLTR,QSGTRKT,RSDVLSK,RSDDRIK
US_2023-0002459_A1,81210,aagcgggctgctgaagccaggcc,WNSDLRK,QSGNLAR,QSSDLSR,HRSTRNR,RSDDLSR,QSANRTK
US_2023-0002459_A1,81228,agcttgacgacggaaggctgagt,RSAHLSR,DRSDLSR,QSSNLAR,QSSDLRR,DRSHLTR,QSSDLRR
US_2023-0002459_A1,81230,gccgagcttgacgacggaaggctg,QSAHRKN,DSSHRTR,DRSHLTR,DRSNLTR,DRSNLSR,HKWLRNQ
US_2023-0002459_A1,81231,cggctcactgcgcctctcggggc,DRSHLTR,QSGNLAR,DRSDLSR,DRSNLTR,QSSDLSR,QSTHRNA
US_2023-0002459_A1,81234,gagccgagcttgacgacggaag,RSDHLSR,DRSARNS,QQSDLRV,RSADLSR,DRSNRTT,HRSSLRR
US_2023-0002459_A1,81240,tctcggggccttgaggccacggg,DRSHLTR,DRSNLTR,DRSNLSR,HKWLRNQ,RSDNLAR,DRSVLHR
US_2023-0002459_A1,81244,gccttgaggccacggggactagg,RSDTLST,DRSSRIK,RSDNLAR,HKSTLSD,RSAHLSR,RSDDRKT
US_2023-0002459_A1,81249,gaggccacggggactaggactg,QKGTLGE,QSGHLSR,RSDTLST,DRSSRIK,RSDNLAR,HKSTLSD
US_2023-0002459_A1,81278,gagtctggctgggaggtgactg,DRSNLSR,ARWYLDK,DRSNLSR,DRSHLAR,YDYGRYT,DRSHLAR
US_2023-0002459_A1,81282,ggctgggaggtgactgtacacc,DRSNLSR,LKQHLTR,QSGHLAR,RKWTLQG,RWQYLPT,DRSALAR
US_2023-0002459_A1,81295,gagtcgcgcagcagggggtgta,QKGTLGE,WRSSLTA,DRSNLSR,LKQHLTR,QSGHLAR,RKWTLQG
US_2023-0002459_A1,81303,ctccaggagtcgcgcagcaggg,RSDNLSE,KRCNLRC,RSADLTR,DRSALAR,QSGHLAR,QKGTLGE
US_2023-0002459_A1,81309,cggttcctccaggagtcgcgca,RSADLTR,DRSALAR,QSGHLAR,QKGTLGE,IRSTLRD,HRSSLRR
US_2023-0002459_A1,81312,gggattcggttcctccaggagt,QSGHLAR,QKGTLGE,IRSTLRD,HRSSLRR,RREDLIT,TSSNLSR
US_2023-0002459_A1,81324,ggaaggaaaggctggctcccggc,RSDTLSE,HRRSRWG,RSDVLSE,RNQHRKT,QSGNLAR,AKWNLDA
US_2023-0002459_A1,81372,gggagtaatgactgtggtggaat,QSGHLAR,TSGHLSR,WRSCRSA,DRSNLTR,QSANRTK,LRQKDGGGSGGGSERP
US_2023-0002459_A1,81561,tatgtaacggggagctgga,RSDVLSE,KHSTRRV,RSDHLSR,DRSNLSR,WRSSLRA,
US_2023-0002459_A1,81580,atgagccacgtcagggagcgatg,YKCCLSD,RSANLTR,RSDHLSA,DRSALAR,IKHDLHR,RSANLTR
US_2023-0002459_A1,81614,cacttgcatcagttgataccgc,YPKDLAR,TSGNLTR,TSGSLSR,QSADRTK,QSGDLTR,YRWLRNN
US_2023-0002459_A1,81638,tttaagttaaagggtgcagcgct,RSADLTR,QSGDLTR,RSDHLSR,DRSNRKT,TSGSLSR,QNANLMK
US_2023-0002459_A1,81683,cggcgctcgcgggcggaggtcg,TSGHLSR,QSGHLSR,DRSHLTR,QSSDLRR,DRSYRNT,RRSDLKR
US_2023-0002459_A1,81697,acgcggggcggggaagggaagc,QSGNLAR,RQEHRVA,QSGHLAR,RNGHLLD,RSAHLSR,QSSDLRR
US_2023-0002459_A1,81748,gcctcggtcgtgaggagaggaga,QSGHLAR,QLTHLNS,RSDNLAR,MRHHLDD,LRHHLTR,DRSYRNT
US_2023-0002459_A1,81564,tgtaacggggagctggagcttt,QSSDLSR,QSGHLSR,QSSDLSR,QKGHLRK,RSDHLSE,QSANRTK
US_2023-0002459_A1,81631,gggccgggaatgagtcaccgga,RSDALSE,RSSDRTK,RSANLAR,TNQNRIT,RSAHLSR,DRSDLSR
US_2023-0002459_A1,81720,cctccgagccagtcgctgacag,DRSNLSR,LRQDLKR,DRSALSR,QSGDLTR,RSANLAR,DSSDRKK
US_2023-0002459_A1,81723,ccgagccagtcgctgacagccgc,DRSDLSR,QSSTRAR,QSSDLSR,DRSALAR,IKHDLHR,RSANLTR
US_2023-0067653_A1,47171,tttgggatagttatgaattcaatcttca,QSGNLSR,LKQNLCM,WADNLQN,TSGNLTR,RQSHLCL,
US_2023-0067653_A1,42875,tttgggatagttatgaattcaatcttca,QSGNLAR,LKQNLCM,WQSNLQN,TSGNLTR,RRSHLTS,
US_2023-0067653_A1,42877,tttgggatagttatgaattcaatcttca,QSGNLAR,LKQNLCM,LITTLRN,TSGNLTR,RQSHLCL,
US_2023-0067653_A1,42908,tttgggatagttatgaattcaatcttca,QSGNLAR,LKQNLCM,WASNLQN,TSGNLTR,RQSHLCL,
US_2023-0067653_A1,47898,cctatccattgcactatgctttatttaa,TPQLLDR,LKHNLLT,DQSNLNA,RNFSLTM,LRHDLDR,HRSNLNK
US_2023-0067653_A1,47874,cctatccattgcactatgctttatttaa,QSSDLSR,LKHNLLT,DQSNLRA,RNFSLTM,LRHDLER,HRSNLNK
US_2023-0067653_A1,47931,cctatccattgcactatgctttatttaa,TPQLLDR,LKWNLRT,DQSNLNA,RNFSLTM,LRHDLDR,HRSNLNK
US_2023-0242602_A1,71401,gagaaggtggctgtggtggcgg,DRSHLTR,LKQHLTR,WRSCRSA,DSSHRTR,TSGHLSR,QSGNLAR
US_2023-0242602_A1,71402,gaggagaaggtggctgtggtgg,LRHHLTR,HKQHRDA,DRSHLTR,LKQHLTR,QSSNLAR,QSGHLSR
US_2023-0242602_A1,71414,aggacgggagaggacagcggagg,QSGHLAR,SPCCRYH,DRSNLSR,TSANLSR,RSAHLSR,DRSNLTR
US_2023-0242602_A1,71420,gaggcgaggacgggagaggaca,QSGHLAR,QLTHLNS,RSAHLSR,DRSNLTR,RSANLAR,DRSHLAR
US_2023-0242602_A1,71421,cctctgtcgactatcaggt,RSDNLSE,TSSNRKT,DRSNLSR,DSSARNT,RNSDRTK,
US_2023-0242602_A1,71424,ctgtcgactatcaggtaagcgcc,RSADLTR,QSANRTK,RSDNLSE,TSSNRKT,DRSNLSR,DSSARNT
US_2023-0242602_A1,71437,ggtaagcgccgcggctccgaaat,QSSNLAR,DSSDRKK,RSDHLSE,RNRDRIT,RSADLTR,QSANRTK
US_2023-0242602_A1,71447,cggacggcgaggcagattt,TSGNLTR,QQNTLTM,RSDNLTR,DRSHLTR,DRSNLTR,
US_2023-0242602_A1,71448,aggcggacggcgaggcagattt,TSGNLTR,QQNTLTM,RSDNLAR,DRSHLAR,DRSNLSR,DAFTRTR
US_2023-0242602_A1,71453,gtgcacagaggcggacggcgaggc,RSANLAR,DRSHLAR,DRSHLTR,DRSHLAR,RSDALSE,QNATRTK
US_2023-0242602_A1,71467,ggggcggcggcgcaggggtgca,RSDSLSA,RSDHLSR,QSGDLTR,TQGYLRK,DRSHLSR,DRSHLAR
US_2023-0242602_A1,71468,gcgaggggcggcggcgcaggggt,RSADLSR,QNATRTK,DRSHLSR,DRSHLAR,MACCRYA,TSANLSR
US_2023-0242602_A1,71470,agggcgaggggcggcggcgcagg,QSGDLTR,TQGYLRK,DRSHLSR,DRSHLAR,RSDNLAR,DRSHLAR
US_2023-0242602_A1,71472,gggagggcgaggggcggcggcgc,DRSHLSR,DRSHLAR,RSAHLSR,TSANLSR,DSSHRTR,MQNYLSR
US_2023-0242602_A1,71485,gcgccgggcatcggtcggggcc,RSDHLSN,RSDDRKK,RSDHLST,TNSNRIT,RSAHLSR,DRSDLSR
US_2023-0242602_A1,71503,gccagggcggcctggaaaggga,RSDNLSN,TSSSRIN,RSDALSV,DSSHRTR,DSSHRTR,AKWNLDA
US_2023-0242602_A1,71352,ctggtgggtggcggtgactgcga,SSGHLPP,DRSNLTR,TSGHLSR,DRSHLAR,RSAHLSR,TSGHLSR
US_2023-0242602_A1,71357,cggagctggtgggtggcggtga,TSGHLSR,DRSHLAR,LRHHLTR,RRFTLSK,DDWNLSQ,RSANLTR
US_2023-0242602_A1,71364,tggtgccggagctggtgggtgg,LRHHLTR,RRFTLSK,RSDVLSE,KHSTRRV,RSDTLSE,HHSALRV
US_2023-0242602_A1,71366,ttggtgccggagctggtgggtg,RSAHLSR,TSGHLSR,QSSDLSR,QSGHLSR,ERGTLAR,TSGSLTR
US_2023-0242602_A1,71370,ctgctgttggtgccggagctgg,QSSDLSR,QSGHLSR,ERGTLAR,TSGSLTR,TSGSLSR,HSSDLNR
US_2023-0242602_A1,71373,gcgctgctgttggtgccggagc,QSGHLAR,CPKCRNK,LRHHLTR,HRSARKR,QSSDLSR,HRSTRNR
US_2023-0242602_A1,71374,gcggcgctgctgttggtgccgg,ERGTLAR,TSGSLTR,TSGSLSR,HSSDLNR,QSSDLSR,DRSHLAR
US_2023-0242602_A1,71377,gcagcggcgctgctgttggtgc,LRHHLTR,HRSARKR,QSSDLSR,HRSTRNR,DRSHLTR,NSRNLRN
US_2023-0242602_A1,71378,ggtggcagcggcgctgctgttgg,TSGSLSR,HSSDLNR,QSSDLSR,DRSHLAR,RSDNLST,FHSCLSA
US_2023-0242602_A1,71385,agaaggtgggcggtggcagcggc,RSDDLSK,,RSDVLSK,RSDDRIK,RQDCLSL,RNDNRKT
US_2023-0242602_A1,71389,cggcagaaggtgggcggtggcag,DRSHLTR,LKQHLTR,RSAHLSR,TSGHLSR,QSGNLAR,QSGDLTR
US_2023-0242602_A1,71391,ggcggcagaaggtgggcggtggc,LRHHLTR,MACCRYA,RQDCLSL,RNDNRKT,RSDNLSQ,RSNARTN
US_2023-0242602_A1,71393,gtggcggcggcagaaggtgggcg,RSAHLSR,TSGHLSR,QSGNLAR,QSGDLTR,DRSHLSR,DRSHLAR
US_2023-0242602_A1,71395,gtggtggcggcggcagaaggtg,RSDHLSQ,QNAHRIT,DRSHLSR,DRSHLAR,DRSHLTR,LKQHLTR
US_2023-0242602_A1,71397,gctgtggtggcggcggcagaagg,QSGNLAR,QSGDLTR,DRSHLSR,DRSHLAR,LRHHLTR,HKQHRDA
US_2023-0242602_A1,71398,gtggctgtggtggcggcggcag,DRSHLSR,DRSHLAR,DRSHLTR,LKQHLTR,WRSCRSA,DSSHRTR
US_2023-0242602_A1,71399,ggtggctgtggtggcggcggcag,DRSHLSR,DRSHLAR,DRSHLTR,LKQHLTR,RSDVLSE,RNQHRKT
US_2023-0242602_A1,71400,aaggtggctgtggtggcggcgg,DRSHLSR,DRSHLAR,LRHHLTR,HKQHRDA,DRSHLTR,LKQHLTR
US_2023-0242602_A1,52288,aggggcgggcagcgag,RSADLTR,QSGDLTR,RSDHLSE,RSAHLSR,,
US_2023-0242602_A1,52389,ccgttgcgcctgattgatgccca,ERGTLAR,TSANLSR,TSGNLTR,HRTSLTD,RSHSLLR,HPSARKR
US_2023-0242602_A1,52364,cgacagaaggcgagga,RSDNLAR,DRSHLAR,QSGNLAR,QSNTRIM,,
US_2023-0242602_A1,57890,tggtgctggagctggtgggtgg,LRHHLTR,RRFTLSK,RSDVLSE,KHSTRRV,RSDVLSE,RLYTLHK
US_2023-0242602_A1,71214,gttccgtggcgcacgcgct,RRSDLKR,DQSNLRA,RKSDRIK,RSDSLSR,DRSDRTK,
US_2023-0242602_A1,71218,gcgcgcacgcgcgttccgtggc,RSDSLSR,DRSDRTK,RKQDLRT,RRSDLKR,DQSNLRA,RRSDLKR
US_2023-0242602_A1,71225,gcggcgctgaccgcagcgcgca,RSDDLTR,MSYQLGR,QAHHLRT,DRSNLTR,QSSDLSR,DRSHLAR
US_2023-0242602_A1,71227,caggccgcggcgctgaccgcag,QAHHLRT,DRSNLTR,QSSDLSR,DRSHLAR,YDYGRYT,DRSHLAR
US_2023-0242602_A1,71249,cggccgagcggcagggcgctcgc,DRSYRNT,RRSDLKR,RSDNLSQ,RSNARTN,RSDNLAR,DRSVLHR
US_2023-0242602_A1,71304,aggcgcgagcagcgggaac,QSGHLSR,RSADLTR,QSGDLTR,QNAHRKT,RRSDLKR,
US_2023-0242602_A1,71309,gcggcgcaggcgcgagcagcggg,RSDDLTR,QAATLSR,QSGDLTR,RRSDLKR,QSGDLTR,TQGYLRK
US_2023-0242602_A1,71310,gggcggcgcaggcgcgagc,QNAHRKT,RSADRKK,RSDNLSA,RSNDRKK,RSDDLTR,
US_2023-0242602_A1,71312,cgggcggcgcaggcgcgagcag,MSCCRSA,RSADLSR,DRSHLTR,QSGDLTR,DRSHLSR,DRSHLAR
US_2023-0242602_A1,71341,gtgactgcgagggcgcgcg,RSADLTR,DRSHLAR,QNATRTK,SSGHLPP,DRSNLTR,
US_2023-0242602_A1,71343,gtggcggtgactgcgagggcgc,DSSHRTR,MQNYLSR,SSGHLPP,DRSNLTR,TSGHLSR,DRSHLAR
US_2023-0242602_A1,71345,ggtggcggtgactgcgagggcgc,DSSHRTR,MQNYLSR,SSGHLPP,DRSNLTR,RSDHLSE,RNQHRKN
US_2023-0242602_A1,71347,tgggtggcggtgactgcgaggg,RSDNLAR,FREGLYK,DRSNLSR,LKQHLTR,DRSHLTR,LKQHLTR
US_2023-0242602_A1,71351,tggtgggtggcggtgactgcga,SSGHLPP,DRSNLTR,TSGHLSR,DRSHLAR,LRHHLTR,RRFTLSK
US_2023-0242602_A1,65918,cggcagaaggtgggcggtggcgg,DRSHLTR,LKQHLTR,RSAHLSR,TSGHLSR,QSGNLAR,QSGDLTR
US_2023-0242602_A1,73029,agaaggtgggcggtggcagcggc,RSDDLSK,QSATRTK,RSDVLSK,RSDDRIK,RQDCLSL,RNDNRKT
US_2023-0242602_A1,73198,gccagggcggcctggaaaggga,RSDNLSN,TSSSRIN,RSDALSV,DSSHRTR,AKWNLDA,
US_2023-0295563_A1,55260,ctcctgaaagtggccgggtttaatctgc,RSDHLST,DRSHLAR,HRSTLQG,QSGNLAR,HKTSLKD,
US_2023-0295563_A1,53885,cctgtcagtgattgggttccgaatcctc,RSDTLSE,TSGSLTR,RSDHLST,TSSNRTK,RSDNLSE,WHSSLRV
US_2023-0382962_A1,56282,cccacgaaagaggagggcgtgtgtatgg,HKQHRDA,RSANLTR,QSGHLAR,QLTHLNS,QSGNLAR,DRTNLNA
US_2023-0382962_A1,56283,tgggttgggtttggggtaaaggaataag,QRNHRTT,LRHHLTR,RSDHLST,HSNTRKN,RSDHLSQ,LRHHLTR
US_2023-0382962_A1,56317,tttatccttttgctgaccatgttttgtt,SKLYLNN,DRSNLTR,QSSDLSR,YHWYLKK,QSSDLSR,HRSNLNK
US_2023-0382962_A1,56316,gaaaagactattgagggactggtgtaga,RSDTLSE,QSGHLSR,RSDNLAR,HRNTLLG,DRSNLSR,QRQNLVN
US_2023-0382962_A1,56686,gggctgagtaaaaggcactgcctagtac,RPYTLRL,QNATRTK,RSDNLSV,QNANRIT,RSANLAR,QSSDLRR
US_2023-0382962_A1,56630,tcactcagttgcagggggtccttcaaag,DRSALSR,RSDHLSR,RSDNLST,RQWSLRI,RSDNLSE,ARSTRTN
US_2023-0382962_A1,56629,aaagagcagggagtagctcctccctcct,IRSTLRD,HRSSLRR,QSGALAR,QSGHLSR,QSGDLTR,QRTHLKA
US_2023-0382962_A1,56526,ggaaacaccaatgatattttctttaatg,YSWTLRD,TSGNLTR,QSGNRTT,DQSNLRA,TSSNRKT,
US_2023-0382962_A1,56529,atgatgaatatagatacagaagcgtcat,QSGNLAR,QSNTRIM,TSGNLTR,QSGALVI,QSGNLAR,TSGNLTR
US_2023-0382962_A1,56527,atgatgaatatagatacagaagcgtcat,QSGNLAR,QSNTRIM,TSGNLTR,QSNALHQ,QSGNLAR,TSGNLTR
US_2023-0382962_A1,56520,cctatgatgaatatagatacagaagcgt,TSGNLTR,QSNALHQ,QSGNLAR,TSGNLTR,TSSNRKT,
US_2023-0382962_A1,56506,aaagaaaatatcattggtgtttcctatg,RSDHLST,TSSNRKT,TSSNRKT,QSANRTT,QNAHRKT,
US_2023-0382962_A1,56519,cctatgatgaatatagatacagaagcgt,TSGNLTR,QSGALVI,QSGNLAR,TSGNLTR,WWTSRAL,
US_2023-0382962_A1,56511,aaagaaaatatcattggtgtttcctatg,LRHHLTR,HKSARAA,TSSNRKT,QSANRTT,QNAHRKT,
US_2023-0382962_A1,56444,gggaagaagcagctgaaatgtgtaggtg,RSDSLSA,QSGNLAR,LPQTLQR,QNATRTK,QSANRTK,QSGNLAR
US_2023-0382962_A1,56445,gtgagaaggcagagagaagaatatttat,QRNHRTT,QNAHRKT,RSANLAR,QSGDLTR,RSDNLSE,RSANLTR
US_2023-0382962_A1,56126,gtacactggactcagcagcctgaattcc,ERGTLAR,QSGDLTR,QSADRTK,DRSNLTR,RSDVLSE,QKATRIT
US_2023-0382962_A1,56127,atggaaactgagctgcaggtgtgtgatt,TSGHLSR,QSGDLTR,QSSDLSR,QSAHRKN,DRSNRTT,QSGHLSR
US_2023-0382962_A1,56254,attaagtccacgcatactgaagtcttgg,QNAHRKT,DNSNRIK,QSGDLTR,DKGNLTK,DRSALAR,QSANRTK
US_2023-0382962_A1,56255,tagggaaggtaggagcataaggaagaat,RSDNLSA,TKQNRTT,QSSHLTR,QSGSLTR,RSDNLSV,RSAHLSR
US_2023-0382962_A1,56667,atggcctggactcaggctgcagatctac,QSGDLTR,QSSDLRR,RSDNLSE,ARSTRTN,RSDALSV,DSSHRTR
US_2023-0382962_A1,56666,ccagggcagtgggccctggattcccatg,QSGHLAR,NRYDLMT,DRSHLTR,RSDALAR,QSGDLTR,RRQHLDA
US_2023-0382962_A1,56644,tggaagctgaagttcttggaacatagca,QSGHLAR,SSSALAY,TSGSLSR,QSGNLAR,QSSDLSR,QSGNLAR
US_2023-0382962_A1,56643,gcaatgcttcatgggaaagtacagtggc,LNHHLQQ,QSGNLAR,RSDHLSQ,QSADRTK,QSSDLSR,LKWNLRT
US_2023-0382962_A1,56687,agagaaaatggaaagtaggaaagtgggg,QSSHLTR,QSGSLTR,QSANRTK,QSANRTT,RKYYLAK,QNAHRKT
US_2023-0416775_A1,33511,gggcagtaacggcagacttctcctcagg,DRSNLSR,QSSDLRR,RSDTLSA,QSGALAR,QSGDLTR,
US_2023-0416775_A1,33533,tggggcaaggtgaacgtggatgaagttg,QSAHRKN,LKHHLTD,QRSNLVR,TSGHLSR,QSNHLTE,RSHHLKA
US_2023-0416775_A1,35256,agagtcaggtgcaccatggtgtctgttt,TNQNRIT,DRSNRTT,RNASRTR,RSDNLSE,RSQHRKT,
US_2023-0416775_A1,34770,acaggagtcaggtgcaccatggtgtctg,DQSNLRA,RNASRTR,RSDNLSE,RSQHRKT,RSDHLTQ,
US_2023-0416775_A1,34791,gagaagtctgccgttactgccctgtggg,ARSTRTN,TSGSLSR,DRSDLSR,DRSARTR,QSGNLAR,
US_2023-0416775_A1,34805,taacggcagacttctccacaggagtcag,QSGDLTR,SSSDRKK,DRSNLSR,QSADRTK,RSDTLSA,
US_2023-0416775_A1,34826,gccctgtggggcaaggtgaacgtggatg,LRHHLTR,QSGNLHV,RSAHLSR,RSDVLST,RKQDLRT,
US_2023-0416775_A1,35301,gggcagtaacggcagacttctcctcagg,DRSNLSR,QSGDLTR,RSDTLSA,QSGALAR,QSGDLTR,
US_2023-0416775_A1,35328,tggggcaaggtgaacgtggatgaagttg,MSHHLRD,QRSNLVR,TSGHLSR,QSNHLTE,RSHHLKA,
US_2023-0416775_A1,35497,cacagggcagtaacggcagacttctcct,DRSNLSR,QSGDLTR,DRSNLSR,LKHHLTD,DRSHLTR,RSDNLRE
US_2023-0416775_A1,35506,ggcaaggtgaacgtggatgaagttggtg,QSGHLAR,VSHHLRD,QSGNLAR,LRHHLTR,QSGNLHV,
US_2023-0416775_A1,43544,aatctgcccagggcctcaccaccaactt,AMQTLRV,DRSHLAR,RSDNLSE,ASKTRKN,RNSDRTK,
US_2023-0416775_A1,43490,ctccagaaggggatcatgacctcctcac,DRSNLSR,LRQNLIM,LQSQLNR,RSDHLSR,QSGNLAR,QRNDRKS
US_2023-0416775_A1,44642,ctccagaaggggatcatgacctcctcac,DRANLSR,LRQNLIM,LQSQLNR,RSDHLSR,QSGNLAR,QRNDRKS
US_2023-0416775_A1,45148,ctccagaaggggatcatgacctcctcac,DRSNLSR,TSSNRNH,HSGNLTK,RSDHLSR,QSGNLAR,QKVDLSR
US_2023-0416775_A1,45147,ctccagaaggggatcatgacctcctcac,DRSNLSR,TSSNRNH,QANNLKV,RSDHLSR,QSGNLAR,QKVDLSR
US_2023-0416775_A1,39145,cccaacgggccgtggtctggttcatcat,RSDHLSA,DRSALAR,RSDSLSR,DRSVRTK,RSDHLSA,QRSNLKV
US_2023-0416775_A1,44490,cccaacgggccgtggtctggttcatcat,RSDHLTQ,DRSALAR,RSDSLSR,DRSVRTK,RSDHLSA,QRSNLKV
US_2023-0416775_A1,44489,cccaacgggccgtggtctggttcatcat,RSDHLTT,DRSALAR,RSDSLSR,DRSVRTK,RSDHLSA,QRSNLKV
US_2023-0416775_A1,45081,cccaacgggccgtggtctggttcatcat,RSDHLSA,WATARDR,RSDSLSR,HTKSLSR,RSDHLSA,QRSNLKV
US_2023-0416775_A1,44493,cccaacgggccgtggtctggttcatcat,RSAHLTQ,DRSVLRR,RSDSLSR,DRSVRTK,RSDHLSA,QRSNLKV
US_2023-0416775_A1,29527,atcccatggagaggtggctgggaaggac,RSDVLSE,RNQHRKT,RSDHLSA,RSANLTR,RSDVLSN,DRSTRIT
US_2023-0416775_A1,29528,atattgcagacaataacccctttaacct,DRSNLSR,HRQHLVT,DRSNLTR,QSGDLTR,HRSSLLN,
US_2023-0416775_A1,29525,catcccaggcgtggggattagagctcca,QSGHLSR,RSDHLST,RSADLSR,RSDNLSQ,ASNDRKK,
US_2023-0416775_A1,29526,gtgcagaatatgccccgcagggtatttg,RSDNLSA,RNNDRKT,DRSDLSR,TSSNRTK,QSGNLAR,QSGDLTR
US_2023-0416775_A1,34678,atattgcagacaataacccctttaacct,DRSNLSR,HRQHLVT,DRSNLTR,QSGDLTR,HRWLRSN,
US_2023-0416775_A1,34642,atcccatggagaggtggctgggaaggac,RSDHLSQ,DSSHRTR,LRHHLTR,QSAHLKA,RSDVLSN,DRSTRIT
US_2023-0416775_A1,44889,ctcactgtccacaggagaagccacacgg,RSANLAR,RLDNRTA,QSNDLNS,WRSSLKT,DRSNRKT,
US_2023-0416775_A1,44888,ttgctacagttcttgaagactttcccac,DRSNLSR,QSGNLAR,YKHVLSD,TSGSLTR,QSGDLTR,LKDTLRR
US_2023-0416775_A1,44905,gagaagccacacgggcgaaaggccttat,QSGNLDS,RSADLSR,RSDHLSE,QNATRIN,WNSDLRK,QSGNLAR
US_2023-0416775_A1,44904,tggacagtgagattgctacagttcttga,QSSDLSR,YKWTLRN,RSANLTR,TSTKLRT,DRSNLTR,
US_2023-0416775_A1,44911,gccacacgggcgaaaggccttataaatg,AMQTLRV,DRSHLAR,QRSNLVR,DRSHLAR,RSDTLST,DSSNRIN
US_2023-0416775_A1,44910,ctcctgtggacagtgagattgctacagt,NDLFLYL,RSANLTR,TSTKLRT,DRSNLTR,RSDSLSV,HNDSRKN
US_2023-0416775_A1,44945,aagctcaccaggcacatgaaaacgcatg,QSGNLAR,CRQNLAN,YQGVLTR,RSDNLRE,DRSNRTT,HRSSLRR
US_2023-0416775_A1,44944,ctactctgggcacaggcatagttgcaca,RSDNLST,QSSDLRR,RSDALSE,QNATRTK,RSDTLSE,ARSTRTN
US_2023-0416775_A1,44947,ctcaccaggcacatgaaaacgcatggcc,GSSALTQ,QSGNLAR,TASHLKE,QNATRTK,RSDNLSE,SSRNLAS
US_2023-0416775_A1,36004,gggaaggggcccagggcggtcagtgtgc,TSGHLSR,DRSHLAR,RSDNLSQ,ASNDRKK,RSDHLSE,QSGNLAR
US_2023-0416775_A1,36021,acacacaggatgacttcctcaaggtggg,DRSNLTR,TSANLSR,RSDHLSE,QSASRKN,,
US_2023-0416775_A1,33237,gggaaggggcccagggcggtcagtgtgc,TSGHLSR,DRSHLAR,RSDNLSE,ASKTRKN,RSDHLSE,QSGNLAR
US_2023-0416775_A1,33238,acacacaggatgacttcctcaaggtggg,DRSNLSR,TSGNLTR,RSDHLSE,QSASRKN,,
US_2023-0416775_A1,33257,cgccaccgggctccgggcccgagaagtt,RSAHLSR,DSSDRKK,DRSHLAR,RSDTLSE,QSGDLTR,
US_2023-0416775_A1,33258,ccccagacctgcgctctggcgcccagcg,RSDSLLR,RLDWLPV,QSSDLSR,AASNRSK,DRSNLSR,QSGDLTR
US_2023-0416775_A1,33269,ggctcgggggccggggctggagccaggg,QSSHLTR,QSSDLTR,RSDHLSE,HSRTRTK,RSDHLSR,DRSARNS
US_2023-0416775_A1,33270,aaggcgctggcgctgcaaccggtgtacc,RSDTLSE,QSHNRTK,QSSDLSR,DRSHLAR,QSSDLSR,DRSHLAR
US_2023-0416775_A1,33271,ttgcagcgccagcgccttgggctcgggg,RSDHLSQ,HRSSLGD,RSDDLTR,QRSTLSS,RSADLTR,QSGDLTR
US_2023-0416775_A1,33272,cggtgtacccggggcccggcgccggctc,DRSDLSR,RSTHLVR,RSDSLST,DSSDRTK,RSAALAR,
US_2023-0416775_A1,36071,ggtgaggaggagatccaggtcccaggtg,NNRDLIN,TSSNLSR,QSGHLSR,QSGHLAR,QRTHLNS,
US_2023-0416775_A1,36085,cttctcgggcccggagcccggtggcgcg,RSDHLSE,HSRTRTK,RSDHLSE,HSRTRTK,RSDHLSE,RKSDRIK
US_2023-0416775_A1,34360,ttgcattgagatagtgtggggaaggggc,RSDHLSV,RSDVRKT,RSDYLSK,TSSVRTT,RPYTLRL,QNATRTK
US_2023-0416775_A1,34363,atctgtctgaaacggtccctggctaaac,DRSALAR,RRDILHQ,QSGNLAR,LAYDRRK,RSDVLSE,
US_2023-0416775_A1,34398,tttgcattgagatagtgtggggaagggg,RSDSLLR,QSCARNV,RSDNLAR,HRNTLLG,MRNRLNR,
US_2023-0416775_A1,34400,ctgtctgaaacggtccctggctaaactc,QSSDLSR,RRDALLM,DRSALAR,RRDILHQ,QNAHRKT,DRSALAR
US_2023-0416775_A1,31160,tatttgcattgagatagtgtggggaagg,RSDSLLR,LQHHLTD,TSGNLTR,TSTHLHI,QSGDLTR,HKWVLRQ
US_2023-0416775_A1,34539,tggtcaaggcaaggctggccaacccatg,RSDVLSE,RNQHRKT,QSGDLTR,RSDHLST,DRSALAR,
US_2023-0416775_A1,34574,gccttgacaaggcaaacttgaccaatag,DRSNRTT,QSGSLTR,RSDNLSV,DRSNLSR,LKFALAN,
US_2023-0416775_A1,43865,gccttgacaaggcaaacttgaccaatag,NPANLTR,QNATRTK,RSDNLSV,DRSNLSR,LKFALAN,
US_2023-0416775_A1,43852,tggtcaaggcaaggctggccaacccatg,RSDVLSE,RNQHRKT,QSGDLTR,RSDNLST,DSSARKK,
US_2024-0018203_A1,85256,tctgggaggtgagtacttgt,RPYTLRL,DNSNRIK,RSANLAR,TSGHLSR,QSGHLAR,RKWTLQG
US_2024-0018203_A1,85260,ccaaagggacaagtactcac,QSADRTK,DNSNRIK,RSDNLST,DSANRIK,RSDHLSE,QNANRIT
US_2024-0018203_A1,85261,cccaaagggacaagtactcac,QSADRTK,DNSNRIK,RSANLSV,DRANLSR,RSDNLSV,QKATRIT
US_2024-0018203_A1,84961,cgcgcaaggcgggaaagtgg,RSDSLSV,QNANRKT,RSAHLSR,DRSHLAR,QSANRTT,RRSDLKR
US_2024-0018203_A1,84998,ggagcacgctgcagggaaag,QSANRTT,RSAHLSR,QSGDLTR,QSSDLRR,DQSNLRA,RSANLTR
US_2024-0018203_A1,85000,agcacgctgcagggaaagcag,QSGDLTR,QRSNLNI,RSAHLSR,QSGDLTR,DSSTRKT,QSATRTK
US_2024-0018203_A1,85014,tgcagggaaagcagcgagcg,MSCCRSA,RSADLSR,QSGDLTR,QRSNLNI,RSAHLSR,QSGDLTR
US_2024-0018203_A1,85042,gtgggggcggagagccgagg,RSDNLAR,DRSVLHR,QSAHRKN,RHSHLTS,RSDHLSE,RNDHRTT
US_2024-0018203_A1,85069,gagagggggcgagcgaccgag,QRNHRTT,DRSNLTR,MSCCRSA,RSADLSR,RSDHLSR,QGAHLGA
US_2024-0018203_A1,85096,gcagcgcagaccccggcccgg,RSDALSV,DSSHRTR,DNRDLST,DRSNLTR,QSGDLTR,TQGYLRK
US_2024-0018203_A1,85102,tctcggaggggccgggccggg,RSDHLSQ,DNSHRTR,DRSDLSR,RSTHLVR,DRSHLTR,DRSYRNT
US_2024-0018203_A1,85105,ggacgctctcggaggggccg,DRSDLSR,RSTHLVR,DRSHLTR,DRSYRNT,QESDLVR,DRSNLTR
US_2024-0018203_A1,85177,aaaaggagcgcacaggaagg,RSDNLSV,RRAHLNQ,DQSNLRA,RRSDLKR,QSGHLAR,QRVALQA
US_2024-0018203_A1,85180,ggaaaaggagcgcacaggaag,QSGNLAR,AKWNLDA,QSGDLTR,TQGYLRK,RSDNLSV,QSGDLTR
US_2024-0018203_A1,85216,tcaggtaagtacctgtggatc,TSGNLTR,RSELLQS,ARSTRIT,QSGSLTR,QSGSLTR,AKWNLDA
US_2024-0018203_A1,84948,aaagtgggggcgcttttgcgc,RRADLSR,YHWYLKK,QSSDLSR,DRSHLAR,RSDHLSQ,TSANRTT
US_2024-0018203_A1,84953,gcaaggcgggaaagtggggg,RSDHLST,RSDALAR,QSANRTT,RSAHLSR,DRSHLTR,QSGNLHV
US_2024-0018203_A1,84958,gcgcaaggcgggaaagtgggg,RSDHLSE,AKHHRKT,QSGNLAR,RQEHRVA,RSDNLSA,QNRDRKN
US_2025-0066433_A1,75025,cacgccccggccccggccccggccccta,REQDLKQ,HRKSLSR,REQDLKQ,HRKSLSR,REQDLKQ,HRKSLSR
US_2025-0066433_A1,79921,cacgccccggccccggccccggccccta,RNADRIT,HRKSLSR,RNADRIT,HRKSLSR,RNADRIT,HRKSLSR
US_2025-0066433_A1,74967,taggggccggggccggggccggggcgtg,RSDHLSE,SSRYRTK,RSDHLSE,SSRYRTK,RSDHLSE,SSRYRTK
US_2025-0066433_A1,74949,taggggccggggccggggccggggcgtg,DRSDLSR,RSTHLVR,DRSDLSR,RSTHLVR,DRSDLSR,RSTHLVR
US_9717759_B2,12270,atgacttgtgggtggttgtgttccagtt,RSDSLLR,RSDHLTT,RSDSLSA,DRSNLTR,,
US_9717759_B2,12273,gggtagaagcggtcacagatatatctgt,DRSALSR,RSDDLTR,QSGNLAR,QSGSLTR,,
US_9717759_B2,12257,agtcagaggccaaggaagctgttggctg,RSDTLSV,DNSTRIK,RSDNLAR,QSADRTK,,
US_9717759_B2,12329,ttggtggcgtggacgatggccaggtagc,TSGNLTR,DRSNLTR,RSDALAR,DRSHLSR,TSGHLSR,
US_9717759_B2,12281,cagttgatgccgtggcaaactggtactt,RSDALSR,DRSDLSR,TSGNLTR,TSGSLTR,,
US_9717759_B2,12290,ccagaagggaagcgtgatgacaaagagg,RSDDLTR,QSGNLAR,RSDHLSA,QSAHRIT,,
US_9752140_B2,19216,agggagtttatctggtaaggggttccct,RSDHLSA,QSGSLTR,RSDVLSE,TSSNRKT,TSGSLSR,QSGHLSR
US_9752140_B2,19213,cgaaggtgtccgaggcgccggtcgtgcg,RSDTLSE,RSADLSR,RSDNLAR,DSSDRKK,RSAALSR,RLDNRTA
US_9752140_B2,19214,gggttgggtgagtagcggtgaccccttc,RSDDLTR,QSGSLTR,QNAHRKT,RSDHLSR,TSGSLTR,
US_9752140_B2,8196,ataaactgcaaaaggc,RSDNLGV,QKINLQV,RSDVLSE,QRNHRTT,,
US_9752140_B2,8267,aggatgaggatgacca,DRSNLSR,VSSNLTS,RSDNLAR,TSGNLTR,,
US_9752140_B2,7645,gtcatctgctactcggga,RSDHLSE,ARSTRTN,RSAVLSE,TNSNRIT,,
US_9752140_B2,7524,atgacaagcagcggca,RSAHLSE,RSANLSE,RSANLSV,DRANLSR,,
US_9752140_B2,16247,atgtaacaaaggactactcttcccccag,NSDHLTN,DRANLSR,RSDNLSV,QNATRIN,QSGSLTR,
US_9752140_B2,16248,atgagtcagtgaacagggaatgggtgaa,RSDHLSA,DRSNRKT,RSAALSR,QSADRTK,RSANLTR,
US_9752140_B2,16233,gccaggtctgggcagctgcaggtgacca,QSGDLTR,QSSDLRR,ERGTLAR,RSDHLTT,DRSALSR,RSDNLRE
US_9752140_B2,16234,cccaggagaggagcaggcagggtcagct,DRSHLSR,QSGDLTR,QSGHLSR,RSANLAR,RSDNLRE,
US_9752140_B2,19215,agtgagagcagtaggtgggctgcctcag,RSDSLSA,RNDNRKT,RSDNLSE,RSANLTR,QNAHRKT,
US_9833479_B2,41511,ccctgggtgtagtctgtctgtgtcagga,WRSCRSA,DRSALSR,QSGSLTR,DRSHLTR,RLDWLPM,
US_9890395_B2,12029,gtctcggatgct,QSSDLSR,TSGNLTR,RSDDLSK,DRSALAR,,
US_9890395_B2,12030,aaggacacactg,RSDVLSA,QNATRIN,DRSNLSR,RLDNRTA,,
US_9890395_B2,12170,aaggaggcaaagacaaag,RSDNLSV,QNATRIN,RSDNLST,QSATRTK,RSDNLSR,RNDNRKT
US_9890395_B2,12172,aaggaggcaaagacaaag,RSDNLSV,QNATRIN,RSDHLSQ,QSATRTK,RSDNLSR,RNDNRKT
US_9890395_B2,12176,aagaagggtcatcag,RSDNLRE,NNTQLIE,TSSILSR,RSDNLSA,RKDTRIT,
US_9914930_B2,28040,ataagggctgcgattcctaagcattgtt,DSSDRKK,TSGNLTR,DNYNRAK,DRSHLTR,RSDNLTT,
US_9914930_B2,28051,agatggcccagaaaagggttccttgggc,RSDNLSN,TSSSRIN,RSDNLSE,ASKTRKN,RSDALTQ,
US_9914930_B2,28052,cgtactcggccacgactggtaatttaat,RSDTLST,DRSSRIK,RSDDLSK,DNSNRIK,,
US_9914930_B2,28053,ttgaagttgcaataagctttctctcgct,QSSDLSR,QAGNLSK,QSGDLTR,TSGSLSR,QSGNLAR,
US_9914930_B2,28054,acttgctggtcgatcgtgttggccactc,TSGSLSR,LRQTLRD,TSGNLTR,DRSALAR,RSDVLSE,RNFSLTM
US_9914930_B2,28055,aagtagttgaagttgcaataagctttct,QSGDLTR,TSGSLSR,QSGNLAR,TSGSLSR,QSGSLTR,
US_9914930_B2,28056,tggtcgatcgtgttggccactcttgttt,DRSHLAR,TSGSLSR,LRQTLRD,TSGNLTR,DRSALAR,
US_9914930_B2,28004,aacgagaatgaaggaatgaagaatatga,QSGNLAR,HLGNLKT,RSDHLSQ,TARLLKL,QSGNLAR,QTSHLPQ
US_9914930_B2,28005,ataccatggttggtaagtcatttatttt,RSDNLSV,TSGHLSR,TSGSLTR,RSDALST,DRSTRTK,
US_9914930_B2,28021,ccaacgaggaatgatagataaacaagag,QNAHRKT,TSGNLTR,LKQMLAV,RSDNLSR,DNSNRKT,
US_9914930_B2,28022,cagtcacagttctaaaagtctatggtgt,RSDNLSV,QNANRIT,TSGSLSR,QSSVRNS,DRSALAR,
US_9914930_B2,28023,tgtgactggaccaacgaggaatgataga,RSDNLSR,DNSNRKT,DRSNLTR,RSDVLSE,TRNGLKY,
US_9914930_B2,28024,tctaaaagtctatggtgttccttacatt,RSDALAR,RSDVLSE,RSSDRTK,RSDNLSV,QNANRIT,
US_9914930_B2,28025,cgccggagaaagagagagctttgaggga,QSSDLSR,QSTHRNA,RSDNLAR,QRGNRNT,RSDHLSR,RNQDRTN
US_9914930_B2,28026,tggttgtcgctatggaccagcgtagcaa,DRSNLSR,RQDSRSQ,QSSDLSR,DRSALAR,TSGSLTR,
US_9914930_B2,28035,cttaaacggtggttgtgcgctcggatca,QSSDLSR,AASNRSK,TSGSLSR,RSDALAR,RSDTLSQ,QRDHRIK
US_9914930_B2,28036,tcggagatataagggctgcgattcctaa,RSDDLTR,QSSDLRR,RSDHLSA,QHGALQT,TSGNLTR,QSGHLSR
US_9914930_B2,28039,tctccgatcttaaacggtggttgtgcgc,TSGSLSR,RSDALAR,RSDTLSQ,QRDHRIK,TSGNLTR,DRGDLRK
US_9914930_B2,27961,cgccggagaaagagagagagctttgagg,RSDNLAR,QKKDRSY,RSDNLAR,QRGNRNT,RSDHLSR,RNQDRTN
US_9914930_B2,27973,tctccgttcgcattgctacgctggtcca,QSSDLSR,AASNRSK,TSGSLSR,RSDALAR,RSDVLST,WGRLRKL
US_9914930_B2,27974,tcggagatataagggcggccattcctaa,ERGTLAR,RSDDLTR,RSDHLSA,QHGALQT,TSGNLTR,QSGHLSR
US_9914930_B2,27987,tagcccagaacagggttccttgggcggc,TSGSLTR,RSDHLSQ,CTRNRWR,RSDNLSE,ASKTRKN,
US_9914930_B2,27990,acttgctggtcgatcatgttggccactc,TSGSLSR,TSSNRAV,TSGNLTR,DRSALAR,RSDVLSE,RNFSLTM
US_9914930_B2,27992,tggtcgatcatgttggccactcttgttt,DRSHLAR,TSGSLSR,TSSNRAV,TSGNLTR,DRSALAR,
US_9937207_B2,25534,ttgctcttgaagtccatagacctcatgt,DRSNLSR,QKTSLQA,DRSALSR,QSGNLAR,GKEELNE,RSSDLSR
US_9937207_B2,25540,ctgactttgcatgtgcaaacgccttcaa,QSGDLTR,WRSSLAS,WRSSLAS,HKWVLRQ,DRSNLTR,
US_9963711_B2,24828,aggcccagtagagaggccaggcgaagta,DRSDLSR,RSDNLTR,QRTHLTQ,RSDNLSE,ASKTRKN,
US_9963711_B2,24829,ccagggctgcgtcctaaccggcgtctgg,RSDTLSE,QSHNRTK,QSDHLTQ,RSSDLSR,QSSDLSR,RSDHLTQ
US_9963711_B2,24832,tagtcgctgaaggcgtggtggccgcact,RSDSLSR,RKDARIT,DRSHLSR,QSGNLAR,QSSDLSR,DRSALAR
US_9963711_B2,24833,agtggctggacgacaccgtcggcctcat,RSDDLSK,RSDTRKT,DRSNLSR,DRSNLWR,RSDSLSR,NNDHRKT
US_9963711_B2,24800,cccaaagggttgttgaggtacttgccgt,RSDNLST,HSHARIK,HRSSLRR,RSDHLSE,QNANRIT,
US_9963711_B2,24801,cgcaccgtgatgttaacggttcagttca,DRSNLSR,HRSSLRR,TSGNLTR,MSHHLRD,DQSNLRA,
US_9963711_B2,24794,taagggacgaggaggaaggagtggaaga,QSGNLAR,RSDNLSR,DNNARIN,DRSNLSR,RSDHLTQ,
US_9963711_B2,24795,ttctcctggaagtacagtcatcgacgcc,RSDNLRE,QSGALAR,QSGNLAR,RSDVLSE,SPSSRRT,
US_9963711_B2,24810,gtcgctgaaggcgtggtggccgcactcg,RSDSLSR,RKDARIT,RSDHLSA,WSSSLYY,NSRNLRN,
US_9963711_B2,24811,cagtggctggacgacaccgtcggcctca,DQSTLRN,DRSNLSR,DRSNLWR,DRSALSR,RSDALAR,
US_9963711_B2,24814,gagaagtaagggacgaggaggaaggagt,RSDALSR,DRSDLSR,RSDHLTQ,QSGALAR,QSGNLAR,
US_9963711_B2,24815,gaagtacagtcatcgacgccaccattcc,DRSNLSR,DSSARNT,DRSSRKR,QSGDLTR,LAHHLVQ,
US_9963711_B2,24818,tcccaaagggttgttgaggtacttgccg,RSDNLST,HSHARIK,TSGHLSR,RSDNLSV,IRSTLRD,
US_9963711_B2,24819,accgtgatgttaacggttcagttcactc,TSGHLSR,DRSNLSR,HRSSLRR,TSGNLTR,MSHHLRD,
US_9963711_B2,24797,tggaagtacagtcatcgacgccaccatt,RSAVLSE,TNSNRIT,LKQHLNE,QSGALAR,QSGNLAR,
US_9963711_B2,24836,gtagagaccgtagcagacggcgaggatg,DRSNLSR,QSGDLTR,QSGALAR,DRSNLSR,QRTHLTQ,
US_9963711_B2,24837,gctacgctgctgtccaaggagttgcctc,RSDNLSN,TNSNRIK,QSSDLSR,QSSDLRR,DRSNRIK,
US_9963711_B2,24844,gaggccaggcgaagtaggagagagggtg,RSANLAR,RSDNLTT,QSGELIN,RSADLSR,RSDNLSE,DRSHLAR
US_9963711_B2,24845,actgggcctgccagggctgcgtcctaac,DRSHLAR,RSDNLSE,SKQYLIK,ERGTLAR,RSDHLTT,
US_9963711_B2,24820,gagaggccaggcgaagtaggagagaggg,QSGALAR,QSGNLAR,DRSHLAR,DRSDLSR,RSDNLTR,
US_9970028_B2,11183,cacgggcccagggtggggcagaaagccc,RSDHLSE,QNHHRIN,RSDNLRE,ERGTLAR,RSDNLRE,
US_9970028_B2,11177,aggattaggaggatgggatttggcactg,QSGHLAR,RSDALTQ,RSDNLTR,RSDHLSV,TRSNRTT,
US_9970028_B2,10311,cagcacgggcccagggtggggcagaaag,RSDNLSE,ASKTRKN,RSDHLSE,TSSDRTK,,
US_9970028_B2,10344,atcaggaagaggctgggtgtcacagcgt,QSSDLSR,RSDNLTR,QRSNLVR,RSDNLRE,,
US_9970028_B2,10342,gcggccaggccaaggcagactttctgac,RSDTLSV,DNSTRIK,RSDALSV,DSSHRTR,,
US_9970028_B2,7263,cactctgtggaagt,RSDNLSV,RNAHRIN,RSDTLSE,ARSTRTN,,
US_9970028_B2,7264,ttaaagcggctccgaa,RSDTLSE,ARSTRTT,RSDSLSK,QRSNLKV,,
US_9970028_B2,15556,ccccactgtggggtggaggggacagta,YNWHLQR,RSDHLTT,HNYARDC,QNSTRIG,,
US_9970028_B2,15590,actagggacaggattgtgttcacagtca,QSSNLAR,RTDYLVD,YNTHLTR,QGYNLAG,,
US_9970028_B2,9075,gaatggtgcaggctgccataccaacttt,QSSDLSR,RSDNLRE,RSDTLSN,RKDVRIT,,
US_9970028_B2,9372,gttcccaggaatgggcttggggtcaaag,RSDHLST,QSSDLRR,RSDHLSQ,QSANRTT,RSDNLSQ,ASNDRKK
US_9970028_B2,16245,aagctggtctggtggctaggtagatcct,DRSALSR,RSDALAR,RSDVLSE,TSGHLSR,QSSDLRR,
US_9970028_B2,16246,gggctctggaaggcccacttcagggcct,DRSHLSR,QSGNLAR,RSDALSA,NRSDRTR,,
US_9970028_B2,10317,gccaggattaggaggatgggatttggca,RSDNLAR,RSDNLTT,QSSNLAR,RSDNLRE,,
